Market Name,Ticker,Status,Date and Time of Settlement (ET),Price (USD)
Yordan Alvarez 1.5,MLB-PHRR-FG-03I3PDSMEKGTJB0-YOEZ000-GTE-P00015,Settled Early,08/17/26 12:51:02.524 AM EDT,$0.00
Yordan Alvarez 2.5,MLB-PHRR-FG-03I3PDSMEKGTJB0-YOEZ000-GTE-P00025,Settled Early,08/17/26 12:51:03.013 AM EDT,$0.00
Yordan Alvarez 9.5,MLB-PHRR-FG-03I3PDSMEKGTJB0-YOEZ000-GTE-P00095,Settled Early,08/17/26 12:51:03.699 AM EDT,$0.00
Yordan Alvarez 3.5,MLB-PHRR-FG-03I3PDSMEKGTJB0-YOEZ000-GTE-P00035,Settled Early,08/17/26 12:51:03.981 AM EDT,$0.00
Yordan Alvarez 4.5,MLB-PHRR-FG-03I3PDSMEKGTJB0-YOEZ000-GTE-P00045,Settled Early,08/17/26 12:51:04.323 AM EDT,$0.00
Yordan Alvarez 5.5,MLB-PHRR-FG-03I3PDSMEKGTJB0-YOEZ000-GTE-P00055,Settled Early,08/17/26 12:51:04.898 AM EDT,$0.00
Yordan Alvarez 6.5,MLB-PHRR-FG-03I3PDSMEKGTJB0-YOEZ000-GTE-P00065,Settled Early,08/17/26 12:51:05.187 AM EDT,$0.00
Yordan Alvarez 7.5,MLB-PHRR-FG-03I3PDSMEKGTJB0-YOEZ000-GTE-P00075,Settled Early,08/17/26 12:51:05.458 AM EDT,$0.00
Yordan Alvarez 8.5,MLB-PHRR-FG-03I3PDSMEKGTJB0-YOEZ000-GTE-P00085,Settled Early,08/17/26 12:51:05.791 AM EDT,$0.00
Taylor Trammell 9.5,MLB-PHRR-FG-03I3PDSMEKGTJB0-TALL000-GTE-P00095,Settled Early,08/17/26 12:51:53.181 AM EDT,$0.00
Taylor Trammell 6.5,MLB-PHRR-FG-03I3PDSMEKGTJB0-TALL000-GTE-P00065,Settled Early,08/17/26 12:51:53.497 AM EDT,$0.00
Taylor Trammell 2.5,MLB-PHRR-FG-03I3PDSMEKGTJB0-TALL000-GTE-P00025,Settled Early,08/17/26 12:51:53.813 AM EDT,$0.00
Taylor Trammell 1.5,MLB-PHRR-FG-03I3PDSMEKGTJB0-TALL000-GTE-P00015,Settled Early,08/17/26 12:51:54.195 AM EDT,$0.00
Taylor Trammell 4.5,MLB-PHRR-FG-03I3PDSMEKGTJB0-TALL000-GTE-P00045,Settled Early,08/17/26 12:51:54.736 AM EDT,$0.00
Taylor Trammell 3.5,MLB-PHRR-FG-03I3PDSMEKGTJB0-TALL000-GTE-P00035,Settled Early,08/17/26 12:51:55.001 AM EDT,$0.00
Taylor Trammell 5.5,MLB-PHRR-FG-03I3PDSMEKGTJB0-TALL000-GTE-P00055,Settled Early,08/17/26 12:51:55.265 AM EDT,$0.00
Taylor Trammell 7.5,MLB-PHRR-FG-03I3PDSMEKGTJB0-TALL000-GTE-P00075,Settled Early,08/17/26 12:51:55.554 AM EDT,$0.00
Taylor Trammell 0.5,MLB-PHRR-FG-03I3PDSMEKGTJB0-TALL000-GTE-P00005,Settled Early,08/17/26 12:51:55.842 AM EDT,$0.00
Taylor Trammell 8.5,MLB-PHRR-FG-03I3PDSMEKGTJB0-TALL000-GTE-P00085,Settled Early,08/17/26 12:51:56.101 AM EDT,$0.00
Josh Naylor 1.5,MLB-PHRR-FG-03I3PDSMEKGTJB0-JOOR000-GTE-P00015,Settled Early,08/17/26 12:52:24.694 AM EDT,$0.00
Josh Naylor 2.5,MLB-PHRR-FG-03I3PDSMEKGTJB0-JOOR000-GTE-P00025,Settled Early,08/17/26 12:52:25.085 AM EDT,$0.00
Josh Naylor 3.5,MLB-PHRR-FG-03I3PDSMEKGTJB0-JOOR000-GTE-P00035,Settled Early,08/17/26 12:52:25.398 AM EDT,$0.00
Josh Naylor 4.5,MLB-PHRR-FG-03I3PDSMEKGTJB0-JOOR000-GTE-P00045,Settled Early,08/17/26 12:52:25.659 AM EDT,$0.00
Josh Naylor 5.5,MLB-PHRR-FG-03I3PDSMEKGTJB0-JOOR000-GTE-P00055,Settled Early,08/17/26 12:52:25.930 AM EDT,$0.00
Josh Naylor 6.5,MLB-PHRR-FG-03I3PDSMEKGTJB0-JOOR000-GTE-P00065,Settled Early,08/17/26 12:52:26.189 AM EDT,$0.00
Josh Naylor 7.5,MLB-PHRR-FG-03I3PDSMEKGTJB0-JOOR000-GTE-P00075,Settled Early,08/17/26 12:52:26.506 AM EDT,$0.00
Josh Naylor 8.5,MLB-PHRR-FG-03I3PDSMEKGTJB0-JOOR000-GTE-P00085,Settled Early,08/17/26 12:52:26.808 AM EDT,$0.00
Josh Naylor 9.5,MLB-PHRR-FG-03I3PDSMEKGTJB0-JOOR000-GTE-P00095,Settled Early,08/17/26 12:52:27.075 AM EDT,$0.00
Jose Altuve 0.5,MLB-PHRR-FG-03I3PDSMEKGTJB0-JOVE001-GTE-P00005,Settled Early,08/17/26 12:52:43.916 AM EDT,$1.00
Jose Altuve 1.5,MLB-PHRR-FG-03I3PDSMEKGTJB0-JOVE001-GTE-P00015,Settled Early,08/17/26 12:52:44.198 AM EDT,$0.00
Jose Altuve 2.5,MLB-PHRR-FG-03I3PDSMEKGTJB0-JOVE001-GTE-P00025,Settled Early,08/17/26 12:52:44.556 AM EDT,$0.00
Jose Altuve 3.5,MLB-PHRR-FG-03I3PDSMEKGTJB0-JOVE001-GTE-P00035,Settled Early,08/17/26 12:52:44.986 AM EDT,$0.00
Jose Altuve 4.5,MLB-PHRR-FG-03I3PDSMEKGTJB0-JOVE001-GTE-P00045,Settled Early,08/17/26 12:52:45.666 AM EDT,$0.00
Jose Altuve 5.5,MLB-PHRR-FG-03I3PDSMEKGTJB0-JOVE001-GTE-P00055,Settled Early,08/17/26 12:52:45.968 AM EDT,$0.00
Jose Altuve 6.5,MLB-PHRR-FG-03I3PDSMEKGTJB0-JOVE001-GTE-P00065,Settled Early,08/17/26 12:52:46.263 AM EDT,$0.00
Jose Altuve 7.5,MLB-PHRR-FG-03I3PDSMEKGTJB0-JOVE001-GTE-P00075,Settled Early,08/17/26 12:52:46.529 AM EDT,$0.00
Jose Altuve 8.5,MLB-PHRR-FG-03I3PDSMEKGTJB0-JOVE001-GTE-P00085,Settled Early,08/17/26 12:52:46.793 AM EDT,$0.00
Jose Altuve 9.5,MLB-PHRR-FG-03I3PDSMEKGTJB0-JOVE001-GTE-P00095,Settled Early,08/17/26 12:52:47.102 AM EDT,$0.00
Yainer Diaz 1.5,MLB-PHRR-FG-03I3PDSMEKGTJB0-YAAZ001-GTE-P00015,Settled Early,08/17/26 12:52:58.663 AM EDT,$0.00
Yainer Diaz 0.5,MLB-PHRR-FG-03I3PDSMEKGTJB0-YAAZ001-GTE-P00005,Settled Early,08/17/26 12:52:59.110 AM EDT,$1.00
Yainer Diaz 9.5,MLB-PHRR-FG-03I3PDSMEKGTJB0-YAAZ001-GTE-P00095,Settled Early,08/17/26 12:52:59.397 AM EDT,$0.00
Yainer Diaz 8.5,MLB-PHRR-FG-03I3PDSMEKGTJB0-YAAZ001-GTE-P00085,Settled Early,08/17/26 12:52:59.706 AM EDT,$0.00
Yainer Diaz 2.5,MLB-PHRR-FG-03I3PDSMEKGTJB0-YAAZ001-GTE-P00025,Settled Early,08/17/26 12:52:59.972 AM EDT,$0.00
Yainer Diaz 3.5,MLB-PHRR-FG-03I3PDSMEKGTJB0-YAAZ001-GTE-P00035,Settled Early,08/17/26 12:53:00.470 AM EDT,$0.00
Yainer Diaz 4.5,MLB-PHRR-FG-03I3PDSMEKGTJB0-YAAZ001-GTE-P00045,Settled Early,08/17/26 12:53:00.763 AM EDT,$0.00
Yainer Diaz 5.5,MLB-PHRR-FG-03I3PDSMEKGTJB0-YAAZ001-GTE-P00055,Settled Early,08/17/26 12:53:01.025 AM EDT,$0.00
Yainer Diaz 6.5,MLB-PHRR-FG-03I3PDSMEKGTJB0-YAAZ001-GTE-P00065,Settled Early,08/17/26 12:53:01.296 AM EDT,$0.00
Yainer Diaz 7.5,MLB-PHRR-FG-03I3PDSMEKGTJB0-YAAZ001-GTE-P00075,Settled Early,08/17/26 12:53:01.606 AM EDT,$0.00
Christian Walker 0.5,MLB-PHRR-FG-03I3PDSMEKGTJB0-CHER000-GTE-P00005,Settled Early,08/17/26 12:53:28.268 AM EDT,$0.00
Christian Walker 1.5,MLB-PHRR-FG-03I3PDSMEKGTJB0-CHER000-GTE-P00015,Settled Early,08/17/26 12:53:28.645 AM EDT,$0.00
Christian Walker 2.5,MLB-PHRR-FG-03I3PDSMEKGTJB0-CHER000-GTE-P00025,Settled Early,08/17/26 12:53:29.049 AM EDT,$0.00
Christian Walker 3.5,MLB-PHRR-FG-03I3PDSMEKGTJB0-CHER000-GTE-P00035,Settled Early,08/17/26 12:53:29.371 AM EDT,$0.00
Christian Walker 4.5,MLB-PHRR-FG-03I3PDSMEKGTJB0-CHER000-GTE-P00045,Settled Early,08/17/26 12:53:29.675 AM EDT,$0.00
Christian Walker 5.5,MLB-PHRR-FG-03I3PDSMEKGTJB0-CHER000-GTE-P00055,Settled Early,08/17/26 12:53:30.023 AM EDT,$0.00
Christian Walker 6.5,MLB-PHRR-FG-03I3PDSMEKGTJB0-CHER000-GTE-P00065,Settled Early,08/17/26 12:53:30.299 AM EDT,$0.00
Christian Walker 7.5,MLB-PHRR-FG-03I3PDSMEKGTJB0-CHER000-GTE-P00075,Settled Early,08/17/26 12:53:30.594 AM EDT,$0.00
Christian Walker 8.5,MLB-PHRR-FG-03I3PDSMEKGTJB0-CHER000-GTE-P00085,Settled Early,08/17/26 12:53:30.870 AM EDT,$0.00
Christian Walker 9.5,MLB-PHRR-FG-03I3PDSMEKGTJB0-CHER000-GTE-P00095,Settled Early,08/17/26 12:53:31.225 AM EDT,$0.00
Julio Rodriguez 9.5,MLB-PHRR-FG-03I3PDSMEKGTJB0-JUEZ003-GTE-P00095,Settled Early,08/17/26 12:53:52.495 AM EDT,$0.00
Julio Rodriguez 1.5,MLB-PHRR-FG-03I3PDSMEKGTJB0-JUEZ003-GTE-P00015,Settled Early,08/17/26 12:53:52.783 AM EDT,$0.00
Julio Rodriguez 2.5,MLB-PHRR-FG-03I3PDSMEKGTJB0-JUEZ003-GTE-P00025,Settled Early,08/17/26 12:53:53.198 AM EDT,$0.00
Julio Rodriguez 3.5,MLB-PHRR-FG-03I3PDSMEKGTJB0-JUEZ003-GTE-P00035,Settled Early,08/17/26 12:53:53.518 AM EDT,$0.00
Julio Rodriguez 4.5,MLB-PHRR-FG-03I3PDSMEKGTJB0-JUEZ003-GTE-P00045,Settled Early,08/17/26 12:53:53.834 AM EDT,$0.00
Julio Rodriguez 5.5,MLB-PHRR-FG-03I3PDSMEKGTJB0-JUEZ003-GTE-P00055,Settled Early,08/17/26 12:53:54.125 AM EDT,$0.00
Julio Rodriguez 6.5,MLB-PHRR-FG-03I3PDSMEKGTJB0-JUEZ003-GTE-P00065,Settled Early,08/17/26 12:53:54.418 AM EDT,$0.00
Julio Rodriguez 7.5,MLB-PHRR-FG-03I3PDSMEKGTJB0-JUEZ003-GTE-P00075,Settled Early,08/17/26 12:53:54.826 AM EDT,$0.00
Julio Rodriguez 8.5,MLB-PHRR-FG-03I3PDSMEKGTJB0-JUEZ003-GTE-P00085,Settled Early,08/17/26 12:53:55.139 AM EDT,$0.00
Brendan Donovan 0.5,MLB-PHRR-FG-03I3PDSMEKGTJB0-BRAN000-GTE-P00005,Settled Early,08/17/26 12:54:25.482 AM EDT,$0.00
Brendan Donovan 1.5,MLB-PHRR-FG-03I3PDSMEKGTJB0-BRAN000-GTE-P00015,Settled Early,08/17/26 12:54:25.827 AM EDT,$0.00
Brendan Donovan 2.5,MLB-PHRR-FG-03I3PDSMEKGTJB0-BRAN000-GTE-P00025,Settled Early,08/17/26 12:54:26.170 AM EDT,$0.00
Brendan Donovan 3.5,MLB-PHRR-FG-03I3PDSMEKGTJB0-BRAN000-GTE-P00035,Settled Early,08/17/26 12:54:26.549 AM EDT,$0.00
Brendan Donovan 4.5,MLB-PHRR-FG-03I3PDSMEKGTJB0-BRAN000-GTE-P00045,Settled Early,08/17/26 12:54:26.816 AM EDT,$0.00
Brendan Donovan 5.5,MLB-PHRR-FG-03I3PDSMEKGTJB0-BRAN000-GTE-P00055,Settled Early,08/17/26 12:54:27.105 AM EDT,$0.00
Brendan Donovan 6.5,MLB-PHRR-FG-03I3PDSMEKGTJB0-BRAN000-GTE-P00065,Settled Early,08/17/26 12:54:27.391 AM EDT,$0.00
Brendan Donovan 7.5,MLB-PHRR-FG-03I3PDSMEKGTJB0-BRAN000-GTE-P00075,Settled Early,08/17/26 12:54:27.667 AM EDT,$0.00
Brendan Donovan 8.5,MLB-PHRR-FG-03I3PDSMEKGTJB0-BRAN000-GTE-P00085,Settled Early,08/17/26 12:54:27.959 AM EDT,$0.00
Brendan Donovan 9.5,MLB-PHRR-FG-03I3PDSMEKGTJB0-BRAN000-GTE-P00095,Settled Early,08/17/26 12:54:28.253 AM EDT,$0.00
Isaac Paredes 0.5,MLB-PHRR-FG-03I3PDSMEKGTJB0-ISES000-GTE-P00005,Settled Early,08/17/26 12:55:10.058 AM EDT,$1.00
Isaac Paredes 1.5,MLB-PHRR-FG-03I3PDSMEKGTJB0-ISES000-GTE-P00015,Settled Early,08/17/26 12:55:10.563 AM EDT,$0.00
Isaac Paredes 6.5,MLB-PHRR-FG-03I3PDSMEKGTJB0-ISES000-GTE-P00065,Settled Early,08/17/26 12:55:11.069 AM EDT,$0.00
Isaac Paredes 2.5,MLB-PHRR-FG-03I3PDSMEKGTJB0-ISES000-GTE-P00025,Settled Early,08/17/26 12:55:11.366 AM EDT,$0.00
Isaac Paredes 3.5,MLB-PHRR-FG-03I3PDSMEKGTJB0-ISES000-GTE-P00035,Settled Early,08/17/26 12:55:11.684 AM EDT,$0.00
Isaac Paredes 4.5,MLB-PHRR-FG-03I3PDSMEKGTJB0-ISES000-GTE-P00045,Settled Early,08/17/26 12:55:11.983 AM EDT,$0.00
Isaac Paredes 5.5,MLB-PHRR-FG-03I3PDSMEKGTJB0-ISES000-GTE-P00055,Settled Early,08/17/26 12:55:12.270 AM EDT,$0.00
Isaac Paredes 7.5,MLB-PHRR-FG-03I3PDSMEKGTJB0-ISES000-GTE-P00075,Settled Early,08/17/26 12:55:12.525 AM EDT,$0.00
Isaac Paredes 8.5,MLB-PHRR-FG-03I3PDSMEKGTJB0-ISES000-GTE-P00085,Settled Early,08/17/26 12:55:12.827 AM EDT,$0.00
Isaac Paredes 9.5,MLB-PHRR-FG-03I3PDSMEKGTJB0-ISES000-GTE-P00095,Settled Early,08/17/26 12:55:13.098 AM EDT,$0.00
Cam Smith 4.5,MLB-PHRR-FG-03I3PDSMEKGTJB0-CATH000-GTE-P00045,Settled Early,08/17/26 12:55:20.380 AM EDT,$0.00
Cam Smith 3.5,MLB-PHRR-FG-03I3PDSMEKGTJB0-CATH000-GTE-P00035,Settled Early,08/17/26 12:55:20.729 AM EDT,$0.00
Cam Smith 2.5,MLB-PHRR-FG-03I3PDSMEKGTJB0-CATH000-GTE-P00025,Settled Early,08/17/26 12:55:21.049 AM EDT,$0.00
Cam Smith 5.5,MLB-PHRR-FG-03I3PDSMEKGTJB0-CATH000-GTE-P00055,Settled Early,08/17/26 12:55:21.331 AM EDT,$0.00
Cam Smith 8.5,MLB-PHRR-FG-03I3PDSMEKGTJB0-CATH000-GTE-P00085,Settled Early,08/17/26 12:55:21.644 AM EDT,$0.00
Cam Smith 7.5,MLB-PHRR-FG-03I3PDSMEKGTJB0-CATH000-GTE-P00075,Settled Early,08/17/26 12:55:21.949 AM EDT,$0.00
Cam Smith 1.5,MLB-PHRR-FG-03I3PDSMEKGTJB0-CATH000-GTE-P00015,Settled Early,08/17/26 12:55:22.232 AM EDT,$0.00
Cam Smith 0.5,MLB-PHRR-FG-03I3PDSMEKGTJB0-CATH000-GTE-P00005,Settled Early,08/17/26 12:55:22.610 AM EDT,$0.00
Cam Smith 6.5,MLB-PHRR-FG-03I3PDSMEKGTJB0-CATH000-GTE-P00065,Settled Early,08/17/26 12:55:22.910 AM EDT,$0.00
Cam Smith 9.5,MLB-PHRR-FG-03I3PDSMEKGTJB0-CATH000-GTE-P00095,Settled Early,08/17/26 12:55:23.173 AM EDT,$0.00
Brock Rodden 7.5,MLB-PHRR-FG-03I3PDSMEKGTJB0-BREN001-GTE-P00075,Settled Early,08/17/26 12:55:47.785 AM EDT,$0.00
Brock Rodden 4.5,MLB-PHRR-FG-03I3PDSMEKGTJB0-BREN001-GTE-P00045,Settled Early,08/17/26 12:55:48.120 AM EDT,$0.00
Brock Rodden 0.5,MLB-PHRR-FG-03I3PDSMEKGTJB0-BREN001-GTE-P00005,Settled Early,08/17/26 12:55:48.471 AM EDT,$1.00
Brock Rodden 2.5,MLB-PHRR-FG-03I3PDSMEKGTJB0-BREN001-GTE-P00025,Settled Early,08/17/26 12:55:48.779 AM EDT,$0.00
Brock Rodden 3.5,MLB-PHRR-FG-03I3PDSMEKGTJB0-BREN001-GTE-P00035,Settled Early,08/17/26 12:55:49.106 AM EDT,$0.00
Brock Rodden 5.5,MLB-PHRR-FG-03I3PDSMEKGTJB0-BREN001-GTE-P00055,Settled Early,08/17/26 12:55:49.623 AM EDT,$0.00
Brock Rodden 6.5,MLB-PHRR-FG-03I3PDSMEKGTJB0-BREN001-GTE-P00065,Settled Early,08/17/26 12:55:49.900 AM EDT,$0.00
Brock Rodden 8.5,MLB-PHRR-FG-03I3PDSMEKGTJB0-BREN001-GTE-P00085,Settled Early,08/17/26 12:55:50.160 AM EDT,$0.00
Brock Rodden 9.5,MLB-PHRR-FG-03I3PDSMEKGTJB0-BREN001-GTE-P00095,Settled Early,08/17/26 12:55:50.450 AM EDT,$0.00
Dominic Canzone 4.5,MLB-PHRR-FG-03I3PDSMEKGTJB0-DONE000-GTE-P00045,Settled Early,08/17/26 12:55:58.385 AM EDT,$0.00
Dominic Canzone 8.5,MLB-PHRR-FG-03I3PDSMEKGTJB0-DONE000-GTE-P00085,Settled Early,08/17/26 12:55:58.749 AM EDT,$0.00
Dominic Canzone 6.5,MLB-PHRR-FG-03I3PDSMEKGTJB0-DONE000-GTE-P00065,Settled Early,08/17/26 12:55:59.069 AM EDT,$0.00
Dominic Canzone 5.5,MLB-PHRR-FG-03I3PDSMEKGTJB0-DONE000-GTE-P00055,Settled Early,08/17/26 12:55:59.386 AM EDT,$0.00
Dominic Canzone 7.5,MLB-PHRR-FG-03I3PDSMEKGTJB0-DONE000-GTE-P00075,Settled Early,08/17/26 12:55:59.756 AM EDT,$0.00
Dominic Canzone 9.5,MLB-PHRR-FG-03I3PDSMEKGTJB0-DONE000-GTE-P00095,Settled Early,08/17/26 12:56:00.065 AM EDT,$0.00
Dominic Canzone 3.5,MLB-PHRR-FG-03I3PDSMEKGTJB0-DONE000-GTE-P00035,Settled Early,08/17/26 12:56:00.327 AM EDT,$0.00
Daulton Varsho 0.5,MLB-PHRR-FG-03I3PDSMEKGTJB0-DAHO000-GTE-P00005,Settled Early,08/17/26 12:56:06.288 AM EDT,$0.00
Daulton Varsho 1.5,MLB-PHRR-FG-03I3PDSMEKGTJB0-DAHO000-GTE-P00015,Settled Early,08/17/26 12:56:06.683 AM EDT,$0.00
Daulton Varsho 2.5,MLB-PHRR-FG-03I3PDSMEKGTJB0-DAHO000-GTE-P00025,Settled Early,08/17/26 12:56:07.063 AM EDT,$0.00
Daulton Varsho 3.5,MLB-PHRR-FG-03I3PDSMEKGTJB0-DAHO000-GTE-P00035,Settled Early,08/17/26 12:56:07.375 AM EDT,$0.00
Daulton Varsho 4.5,MLB-PHRR-FG-03I3PDSMEKGTJB0-DAHO000-GTE-P00045,Settled Early,08/17/26 12:56:07.728 AM EDT,$0.00
Daulton Varsho 5.5,MLB-PHRR-FG-03I3PDSMEKGTJB0-DAHO000-GTE-P00055,Settled Early,08/17/26 12:56:07.999 AM EDT,$0.00
Daulton Varsho 6.5,MLB-PHRR-FG-03I3PDSMEKGTJB0-DAHO000-GTE-P00065,Settled Early,08/17/26 12:56:08.400 AM EDT,$0.00
Daulton Varsho 7.5,MLB-PHRR-FG-03I3PDSMEKGTJB0-DAHO000-GTE-P00075,Settled Early,08/17/26 12:56:08.687 AM EDT,$0.00
Daulton Varsho 8.5,MLB-PHRR-FG-03I3PDSMEKGTJB0-DAHO000-GTE-P00085,Settled Early,08/17/26 12:56:08.986 AM EDT,$0.00
Daulton Varsho 9.5,MLB-PHRR-FG-03I3PDSMEKGTJB0-DAHO000-GTE-P00095,Settled Early,08/17/26 12:56:09.251 AM EDT,$0.00
Cal Raleigh 6.5,MLB-PHRR-FG-03I3PDSMEKGTJB0-CAGH000-GTE-P00065,Settled Early,08/17/26 01:50:25.893 AM EDT,$0.00
Cal Raleigh 4.5,MLB-PHRR-FG-03I3PDSMEKGTJB0-CAGH000-GTE-P00045,Settled Early,08/17/26 01:50:26.217 AM EDT,$0.00
Cal Raleigh 8.5,MLB-PHRR-FG-03I3PDSMEKGTJB0-CAGH000-GTE-P00085,Settled Early,08/17/26 01:50:26.492 AM EDT,$0.00
Cal Raleigh 7.5,MLB-PHRR-FG-03I3PDSMEKGTJB0-CAGH000-GTE-P00075,Settled Early,08/17/26 01:50:26.779 AM EDT,$0.00
Cal Raleigh 5.5,MLB-PHRR-FG-03I3PDSMEKGTJB0-CAGH000-GTE-P00055,Settled Early,08/17/26 01:50:27.077 AM EDT,$0.00
Cal Raleigh 9.5,MLB-PHRR-FG-03I3PDSMEKGTJB0-CAGH000-GTE-P00095,Settled Early,08/17/26 01:50:27.338 AM EDT,$0.00
Cal Raleigh 3.5,MLB-PHRR-FG-03I3PDSMEKGTJB0-CAGH000-GTE-P00035,Settled Early,08/17/26 01:50:27.629 AM EDT,$0.00
Cole Young 7.5,MLB-PHRR-FG-03I3PDSMEKGTJB0-CONG001-GTE-P00075,Settled Early,08/17/26 01:51:03.548 AM EDT,$0.00
Cole Young 0.5,MLB-PHRR-FG-03I3PDSMEKGTJB0-CONG001-GTE-P00005,Settled Early,08/17/26 01:51:03.946 AM EDT,$0.00
Cole Young 1.5,MLB-PHRR-FG-03I3PDSMEKGTJB0-CONG001-GTE-P00015,Settled Early,08/17/26 01:51:04.778 AM EDT,$0.00
Cole Young 2.5,MLB-PHRR-FG-03I3PDSMEKGTJB0-CONG001-GTE-P00025,Settled Early,08/17/26 01:51:05.116 AM EDT,$0.00
Cole Young 3.5,MLB-PHRR-FG-03I3PDSMEKGTJB0-CONG001-GTE-P00035,Settled Early,08/17/26 01:51:05.439 AM EDT,$0.00
Cole Young 4.5,MLB-PHRR-FG-03I3PDSMEKGTJB0-CONG001-GTE-P00045,Settled Early,08/17/26 01:51:05.765 AM EDT,$0.00
Cole Young 5.5,MLB-PHRR-FG-03I3PDSMEKGTJB0-CONG001-GTE-P00055,Settled Early,08/17/26 01:51:06.030 AM EDT,$0.00
Cole Young 6.5,MLB-PHRR-FG-03I3PDSMEKGTJB0-CONG001-GTE-P00065,Settled Early,08/17/26 01:51:06.327 AM EDT,$0.00
Cole Young 8.5,MLB-PHRR-FG-03I3PDSMEKGTJB0-CONG001-GTE-P00085,Settled Early,08/17/26 01:51:06.615 AM EDT,$0.00
Cole Young 9.5,MLB-PHRR-FG-03I3PDSMEKGTJB0-CONG001-GTE-P00095,Settled Early,08/17/26 01:51:06.911 AM EDT,$0.00
Jeremy Pena 9.5,MLB-PHRR-FG-03I3PDSMEKGTJB0-JENA000-GTE-P00095,Settled Early,08/17/26 01:51:35.437 AM EDT,$0.00
Jeremy Pena 7.5,MLB-PHRR-FG-03I3PDSMEKGTJB0-JENA000-GTE-P00075,Settled Early,08/17/26 01:51:35.902 AM EDT,$0.00
Jeremy Pena 3.5,MLB-PHRR-FG-03I3PDSMEKGTJB0-JENA000-GTE-P00035,Settled Early,08/17/26 01:51:36.264 AM EDT,$0.00
Jeremy Pena 6.5,MLB-PHRR-FG-03I3PDSMEKGTJB0-JENA000-GTE-P00065,Settled Early,08/17/26 01:51:36.764 AM EDT,$0.00
Jeremy Pena 8.5,MLB-PHRR-FG-03I3PDSMEKGTJB0-JENA000-GTE-P00085,Settled Early,08/17/26 01:51:37.054 AM EDT,$0.00
Jeremy Pena 4.5,MLB-PHRR-FG-03I3PDSMEKGTJB0-JENA000-GTE-P00045,Settled Early,08/17/26 01:51:37.330 AM EDT,$0.00
Jeremy Pena 5.5,MLB-PHRR-FG-03I3PDSMEKGTJB0-JENA000-GTE-P00055,Settled Early,08/17/26 01:51:37.613 AM EDT,$0.00
Randy Arozarena 8.5,MLB-PHRR-FG-03I3PDSMEKGTJB0-RANA000-GTE-P00085,Settled Early,08/17/26 01:51:56.915 AM EDT,$0.00
Randy Arozarena 5.5,MLB-PHRR-FG-03I3PDSMEKGTJB0-RANA000-GTE-P00055,Settled Early,08/17/26 01:51:57.198 AM EDT,$0.00
Randy Arozarena 7.5,MLB-PHRR-FG-03I3PDSMEKGTJB0-RANA000-GTE-P00075,Settled Early,08/17/26 01:51:57.485 AM EDT,$0.00
Randy Arozarena 9.5,MLB-PHRR-FG-03I3PDSMEKGTJB0-RANA000-GTE-P00095,Settled Early,08/17/26 01:51:57.824 AM EDT,$0.00
Randy Arozarena 6.5,MLB-PHRR-FG-03I3PDSMEKGTJB0-RANA000-GTE-P00065,Settled Early,08/17/26 01:51:58.142 AM EDT,$0.00
Randy Arozarena 4.5,MLB-PHRR-FG-03I3PDSMEKGTJB0-RANA000-GTE-P00045,Settled Early,08/17/26 01:51:58.448 AM EDT,$0.00
Victor Robles 0.5,MLB-PHRR-FG-03I3PDSMEKGTJB0-VIES000-GTE-P00005,Settled Early,08/17/26 02:30:10.684 AM EDT,$0.50
Victor Robles 9.5,MLB-PHRR-FG-03I3PDSMEKGTJB0-VIES000-GTE-P00095,Settled Early,08/17/26 02:30:11.127 AM EDT,$0.50
Victor Robles 5.5,MLB-PHRR-FG-03I3PDSMEKGTJB0-VIES000-GTE-P00055,Settled Early,08/17/26 02:30:11.425 AM EDT,$0.50
Victor Robles 8.5,MLB-PHRR-FG-03I3PDSMEKGTJB0-VIES000-GTE-P00085,Settled Early,08/17/26 02:30:11.789 AM EDT,$0.50
Victor Robles 1.5,MLB-PHRR-FG-03I3PDSMEKGTJB0-VIES000-GTE-P00015,Settled Early,08/17/26 02:30:12.218 AM EDT,$0.50
Victor Robles 6.5,MLB-PHRR-FG-03I3PDSMEKGTJB0-VIES000-GTE-P00065,Settled Early,08/17/26 02:30:12.555 AM EDT,$0.50
Victor Robles 2.5,MLB-PHRR-FG-03I3PDSMEKGTJB0-VIES000-GTE-P00025,Settled Early,08/17/26 02:30:12.863 AM EDT,$0.50
Victor Robles 3.5,MLB-PHRR-FG-03I3PDSMEKGTJB0-VIES000-GTE-P00035,Settled Early,08/17/26 02:30:13.165 AM EDT,$0.50
Victor Robles 4.5,MLB-PHRR-FG-03I3PDSMEKGTJB0-VIES000-GTE-P00045,Settled Early,08/17/26 02:30:13.555 AM EDT,$0.50
Victor Robles 7.5,MLB-PHRR-FG-03I3PDSMEKGTJB0-VIES000-GTE-P00075,Settled Early,08/17/26 02:30:13.858 AM EDT,$0.50
Nick Allen 0.5,MLB-PHRR-FG-03I3PDSMEKGTJB0-NIEN000-GTE-P00005,Settled Early,08/17/26 02:34:36.567 AM EDT,$1.00
Nick Allen 2.5,MLB-PHRR-FG-03I3PDSMEKGTJB0-NIEN000-GTE-P00025,Settled Early,08/17/26 02:34:36.900 AM EDT,$1.00
Nick Allen 1.5,MLB-PHRR-FG-03I3PDSMEKGTJB0-NIEN000-GTE-P00015,Settled Early,08/17/26 02:34:37.169 AM EDT,$1.00
Nick Allen 9.5,MLB-PHRR-FG-03I3PDSMEKGTJB0-NIEN000-GTE-P00095,Settled Early,08/17/26 02:34:37.481 AM EDT,$0.00
Nick Allen 3.5,MLB-PHRR-FG-03I3PDSMEKGTJB0-NIEN000-GTE-P00035,Settled Early,08/17/26 02:34:37.772 AM EDT,$0.00
Nick Allen 4.5,MLB-PHRR-FG-03I3PDSMEKGTJB0-NIEN000-GTE-P00045,Settled Early,08/17/26 02:34:38.113 AM EDT,$0.00
Nick Allen 5.5,MLB-PHRR-FG-03I3PDSMEKGTJB0-NIEN000-GTE-P00055,Settled Early,08/17/26 02:34:38.423 AM EDT,$0.00
Nick Allen 6.5,MLB-PHRR-FG-03I3PDSMEKGTJB0-NIEN000-GTE-P00065,Settled Early,08/17/26 02:34:38.696 AM EDT,$0.00
Nick Allen 7.5,MLB-PHRR-FG-03I3PDSMEKGTJB0-NIEN000-GTE-P00075,Settled Early,08/17/26 02:34:38.962 AM EDT,$0.00
Nick Allen 8.5,MLB-PHRR-FG-03I3PDSMEKGTJB0-NIEN000-GTE-P00085,Settled Early,08/17/26 02:34:39.281 AM EDT,$0.00
LaMonte Wade Jr. 0.5,MLB-PHRR-FG-03I3PDSMEKGTJB0-LAJR000-GTE-P00005,Settled Early,08/17/26 05:45:15.401 AM EDT,$1.00
LaMonte Wade Jr. 7.5,MLB-PHRR-FG-03I3PDSMEKGTJB0-LAJR000-GTE-P00075,Settled Early,08/17/26 05:45:15.735 AM EDT,$0.00
LaMonte Wade Jr. 9.5,MLB-PHRR-FG-03I3PDSMEKGTJB0-LAJR000-GTE-P00095,Settled Early,08/17/26 05:45:16.015 AM EDT,$0.00
LaMonte Wade Jr. 8.5,MLB-PHRR-FG-03I3PDSMEKGTJB0-LAJR000-GTE-P00085,Settled Early,08/17/26 05:45:16.281 AM EDT,$0.00
LaMonte Wade Jr. 1.5,MLB-PHRR-FG-03I3PDSMEKGTJB0-LAJR000-GTE-P00015,Settled Early,08/17/26 05:45:16.619 AM EDT,$0.00
LaMonte Wade Jr. 2.5,MLB-PHRR-FG-03I3PDSMEKGTJB0-LAJR000-GTE-P00025,Settled Early,08/17/26 05:45:16.902 AM EDT,$0.00
LaMonte Wade Jr. 3.5,MLB-PHRR-FG-03I3PDSMEKGTJB0-LAJR000-GTE-P00035,Settled Early,08/17/26 05:45:17.188 AM EDT,$0.00
LaMonte Wade Jr. 4.5,MLB-PHRR-FG-03I3PDSMEKGTJB0-LAJR000-GTE-P00045,Settled Early,08/17/26 05:45:17.462 AM EDT,$0.00
LaMonte Wade Jr. 5.5,MLB-PHRR-FG-03I3PDSMEKGTJB0-LAJR000-GTE-P00055,Settled Early,08/17/26 05:45:17.724 AM EDT,$0.00
LaMonte Wade Jr. 6.5,MLB-PHRR-FG-03I3PDSMEKGTJB0-LAJR000-GTE-P00065,Settled Early,08/17/26 05:45:18.039 AM EDT,$0.00
Weston Wilson 0.5,MLB-PHRR-FG-03I3PDSMEKGTJB0-WEON000-GTE-P00005,Settled Early,08/17/26 05:45:27.692 AM EDT,$0.00
Weston Wilson 4.5,MLB-PHRR-FG-03I3PDSMEKGTJB0-WEON000-GTE-P00045,Settled Early,08/17/26 05:45:27.974 AM EDT,$0.00
Weston Wilson 3.5,MLB-PHRR-FG-03I3PDSMEKGTJB0-WEON000-GTE-P00035,Settled Early,08/17/26 05:45:28.247 AM EDT,$0.00
Weston Wilson 9.5,MLB-PHRR-FG-03I3PDSMEKGTJB0-WEON000-GTE-P00095,Settled Early,08/17/26 05:45:28.576 AM EDT,$0.00
Weston Wilson 6.5,MLB-PHRR-FG-03I3PDSMEKGTJB0-WEON000-GTE-P00065,Settled Early,08/17/26 05:45:28.915 AM EDT,$0.00
Weston Wilson 1.5,MLB-PHRR-FG-03I3PDSMEKGTJB0-WEON000-GTE-P00015,Settled Early,08/17/26 05:45:29.223 AM EDT,$0.00
Weston Wilson 2.5,MLB-PHRR-FG-03I3PDSMEKGTJB0-WEON000-GTE-P00025,Settled Early,08/17/26 05:45:29.512 AM EDT,$0.00
Weston Wilson 5.5,MLB-PHRR-FG-03I3PDSMEKGTJB0-WEON000-GTE-P00055,Settled Early,08/17/26 05:45:29.805 AM EDT,$0.00
Weston Wilson 7.5,MLB-PHRR-FG-03I3PDSMEKGTJB0-WEON000-GTE-P00075,Settled Early,08/17/26 05:45:30.103 AM EDT,$0.00
Weston Wilson 8.5,MLB-PHRR-FG-03I3PDSMEKGTJB0-WEON000-GTE-P00085,Settled Early,08/17/26 05:45:30.410 AM EDT,$0.00
Over 0.5,MLB-TRUNS-I1-01DTFK7TTKNMC38-GTE-P00005,Settled Early,08/17/26 01:50:23.262 PM EDT,$1.00
Over 1.5,MLB-TRUNS-I1-01DTFK7TTKNMC38-GTE-P00015,Settled Early,08/17/26 01:50:26.395 PM EDT,$1.00
Over 4.5,MLB-TRUNS-I1-01DTFK7TTKNMC38-GTE-P00045,Settled Early,08/17/26 02:03:53.142 PM EDT,$0.00
Over 2.5,MLB-TRUNS-I1-01DTFK7TTKNMC38-GTE-P00025,Settled Early,08/17/26 02:03:53.582 PM EDT,$0.00
Over 3.5,MLB-TRUNS-I1-01DTFK7TTKNMC38-GTE-P00035,Settled Early,08/17/26 02:03:54.423 PM EDT,$0.00
Over 3.5,MLB-TRUNS-I2-01DTFK7TTKNMC38-GTE-P00035,Settled Early,08/17/26 02:27:23.272 PM EDT,$0.00
Over 2.5,MLB-TRUNS-I2-01DTFK7TTKNMC38-GTE-P00025,Settled Early,08/17/26 02:27:23.728 PM EDT,$0.00
Over 1.5,MLB-TRUNS-I2-01DTFK7TTKNMC38-GTE-P00015,Settled Early,08/17/26 02:27:24.231 PM EDT,$0.00
Over 4.5,MLB-TRUNS-I2-01DTFK7TTKNMC38-GTE-P00045,Settled Early,08/17/26 02:27:25.099 PM EDT,$0.00
Over 0.5,MLB-TRUNS-I2-01DTFK7TTKNMC38-GTE-P00005,Settled Early,08/17/26 02:27:25.459 PM EDT,$0.00
Over 1.5,MLB-TRUNS-I6-01DTFK7TTKNMC38-GTE-P00015,Settled Early,08/17/26 03:35:21.526 PM EDT,$0.00
STL Cardinals -2.5,MLB-MOVY-IT5-01DTFK7TTKNMC38-STLS000-GTE-P00025,Settled Early,08/17/26 03:35:21.583 PM EDT,$0.00
Over 0.5,MLB-TRUNS-I3-01DTFK7TTKNMC38-GTE-P00005,Settled Early,08/17/26 03:35:21.648 PM EDT,$0.00
Over 4.5,MLB-TRUNS-I4-01DTFK7TTKNMC38-GTE-P00045,Settled Early,08/17/26 03:35:21.693 PM EDT,$0.00
Over 3.5,MLB-TRUNS-I5-01DTFK7TTKNMC38-GTE-P00035,Settled Early,08/17/26 03:35:21.753 PM EDT,$0.00
Over 1.5,MLB-TRUNS-IT5-01DTFK7TTKNMC38-GTE-P00015,Settled Early,08/17/26 03:35:21.833 PM EDT,$1.00
CIN Reds,MLB-WIN-IT5-01DTFK7TTKNMC38-CIDS000,Settled Early,08/17/26 03:35:21.916 PM EDT,$0.00
STL Cardinals -0.5,MLB-MOVY-IT5-01DTFK7TTKNMC38-STLS000-GTE-P00005,Settled Early,08/17/26 03:35:22.168 PM EDT,$1.00
Over 1.5,MLB-TRUNS-I4-01DTFK7TTKNMC38-GTE-P00015,Settled Early,08/17/26 03:35:22.279 PM EDT,$0.00
Over 2.5,MLB-TRUNS-I6-01DTFK7TTKNMC38-GTE-P00025,Settled Early,08/17/26 03:35:22.381 PM EDT,$0.00
Over 4.5,MLB-TRUNS-I5-01DTFK7TTKNMC38-GTE-P00045,Settled Early,08/17/26 03:35:22.593 PM EDT,$0.00
Over 0.5,MLB-TRUNS-IT5-01DTFK7TTKNMC38-GTE-P00005,Settled Early,08/17/26 03:35:22.602 PM EDT,$1.00
Over 3.5,MLB-TRUNS-I6-01DTFK7TTKNMC38-GTE-P00035,Settled Early,08/17/26 03:35:22.795 PM EDT,$0.00
STL Cardinals,MLB-WIN-IT5-01DTFK7TTKNMC38-STLS000,Settled Early,08/17/26 03:35:22.953 PM EDT,$1.00
Over 6.5,MLB-TRUNS-IT5-01DTFK7TTKNMC38-GTE-P00065,Settled Early,08/17/26 03:35:23.119 PM EDT,$0.00
Over 1.5,MLB-TRUNS-I3-01DTFK7TTKNMC38-GTE-P00015,Settled Early,08/17/26 03:35:23.258 PM EDT,$0.00
Over 1.5,MLB-TRUNS-I5-01DTFK7TTKNMC38-GTE-P00015,Settled Early,08/17/26 03:35:23.261 PM EDT,$0.00
Over 0.5,MLB-TRUNS-I6-01DTFK7TTKNMC38-GTE-P00005,Settled Early,08/17/26 03:35:23.285 PM EDT,$0.00
Over 9.5,MLB-TRUNS-IT5-01DTFK7TTKNMC38-GTE-P00095,Settled Early,08/17/26 03:35:23.608 PM EDT,$0.00
Over 0.5,MLB-TRUNS-I5-01DTFK7TTKNMC38-GTE-P00005,Settled Early,08/17/26 03:35:23.890 PM EDT,$0.00
Over 3.5,MLB-TRUNS-I4-01DTFK7TTKNMC38-GTE-P00035,Settled Early,08/17/26 03:35:24.112 PM EDT,$0.00
STL Cardinals -4.5,MLB-MOVY-IT5-01DTFK7TTKNMC38-STLS000-GTE-P00045,Settled Early,08/17/26 03:35:24.441 PM EDT,$0.00
Over 4.5,MLB-TRUNS-I6-01DTFK7TTKNMC38-GTE-P00045,Settled Early,08/17/26 03:35:24.620 PM EDT,$0.00
Over 2.5,MLB-TRUNS-I5-01DTFK7TTKNMC38-GTE-P00025,Settled Early,08/17/26 03:35:24.789 PM EDT,$0.00
CIN Reds -1.5,MLB-MOVY-IT5-01DTFK7TTKNMC38-CIDS000-GTE-P00015,Settled Early,08/17/26 03:35:24.834 PM EDT,$0.00
Over 2.5,MLB-TRUNS-I4-01DTFK7TTKNMC38-GTE-P00025,Settled Early,08/17/26 03:35:24.962 PM EDT,$0.00
Over 2.5,MLB-TRUNS-I3-01DTFK7TTKNMC38-GTE-P00025,Settled Early,08/17/26 03:35:24.997 PM EDT,$0.00
Over 8.5,MLB-TRUNS-IT5-01DTFK7TTKNMC38-GTE-P00085,Settled Early,08/17/26 03:35:25.285 PM EDT,$0.00
CIN Reds -4.5,MLB-MOVY-IT5-01DTFK7TTKNMC38-CIDS000-GTE-P00045,Settled Early,08/17/26 03:35:25.416 PM EDT,$0.00
Over 3.5,MLB-TRUNS-I3-01DTFK7TTKNMC38-GTE-P00035,Settled Early,08/17/26 03:35:25.479 PM EDT,$0.00
Over 0.5,MLB-TRUNS-I4-01DTFK7TTKNMC38-GTE-P00005,Settled Early,08/17/26 03:35:25.558 PM EDT,$1.00
Over 4.5,MLB-TRUNS-IT5-01DTFK7TTKNMC38-GTE-P00045,Settled Early,08/17/26 03:35:25.666 PM EDT,$0.00
CIN Reds -0.5,MLB-MOVY-IT5-01DTFK7TTKNMC38-CIDS000-GTE-P00005,Settled Early,08/17/26 03:35:25.876 PM EDT,$0.00
Over 4.5,MLB-TRUNS-I3-01DTFK7TTKNMC38-GTE-P00045,Settled Early,08/17/26 03:35:26.035 PM EDT,$0.00
Over 10.5,MLB-TRUNS-IT5-01DTFK7TTKNMC38-GTE-P00105,Settled Early,08/17/26 03:35:26.547 PM EDT,$0.00
CIN Reds -3.5,MLB-MOVY-IT5-01DTFK7TTKNMC38-CIDS000-GTE-P00035,Settled Early,08/17/26 03:35:26.828 PM EDT,$0.00
Over 7.5,MLB-TRUNS-IT5-01DTFK7TTKNMC38-GTE-P00075,Settled Early,08/17/26 03:35:27.197 PM EDT,$0.00
CIN Reds -2.5,MLB-MOVY-IT5-01DTFK7TTKNMC38-CIDS000-GTE-P00025,Settled Early,08/17/26 03:35:27.335 PM EDT,$0.00
Over 2.5,MLB-TRUNS-IT5-01DTFK7TTKNMC38-GTE-P00025,Settled Early,08/17/26 03:35:27.617 PM EDT,$1.00
STL Cardinals -3.5,MLB-MOVY-IT5-01DTFK7TTKNMC38-STLS000-GTE-P00035,Settled Early,08/17/26 03:35:27.740 PM EDT,$0.00
Over 3.5,MLB-TRUNS-IT5-01DTFK7TTKNMC38-GTE-P00035,Settled Early,08/17/26 03:35:27.920 PM EDT,$0.00
STL Cardinals -1.5,MLB-MOVY-IT5-01DTFK7TTKNMC38-STLS000-GTE-P00015,Settled Early,08/17/26 03:35:28.020 PM EDT,$0.00
Over 5.5,MLB-TRUNS-IT5-01DTFK7TTKNMC38-GTE-P00055,Settled Early,08/17/26 03:35:28.649 PM EDT,$0.00
Over 0.5,MLB-TRUNS-I7-01DTFK7TTKNMC38-GTE-P00005,Settled Early,08/17/26 03:53:11.012 PM EDT,$0.00
Over 2.5,MLB-TRUNS-I7-01DTFK7TTKNMC38-GTE-P00025,Settled Early,08/17/26 03:53:11.522 PM EDT,$0.00
Over 1.5,MLB-TRUNS-I7-01DTFK7TTKNMC38-GTE-P00015,Settled Early,08/17/26 03:53:11.848 PM EDT,$0.00
Over 4.5,MLB-TRUNS-I7-01DTFK7TTKNMC38-GTE-P00045,Settled Early,08/17/26 03:53:12.166 PM EDT,$0.00
Over 3.5,MLB-TRUNS-I7-01DTFK7TTKNMC38-GTE-P00035,Settled Early,08/17/26 03:53:12.435 PM EDT,$0.00
Over 4.5,MLB-TRUNS-I8-01DTFK7TTKNMC38-GTE-P00045,Settled Early,08/17/26 04:09:21.070 PM EDT,$0.00
Over 0.5,MLB-TRUNS-I8-01DTFK7TTKNMC38-GTE-P00005,Settled Early,08/17/26 04:09:21.453 PM EDT,$0.00
Over 2.5,MLB-TRUNS-I8-01DTFK7TTKNMC38-GTE-P00025,Settled Early,08/17/26 04:09:22.423 PM EDT,$0.00
Over 3.5,MLB-TRUNS-I8-01DTFK7TTKNMC38-GTE-P00035,Settled Early,08/17/26 04:09:22.697 PM EDT,$0.00
Over 1.5,MLB-TRUNS-I8-01DTFK7TTKNMC38-GTE-P00015,Settled Early,08/17/26 04:09:22.973 PM EDT,$0.00
Over 15.5,MLB-TRUNS-FG-01DTFK7TTKNMC38-GTE-P00155,Settled Early,08/17/26 04:33:02.391 PM EDT,$0.00
STL Cardinals,MLB-WIN-FG-01DTFK7TTKNMC38-STLS000,Settled Early,08/17/26 04:33:02.460 PM EDT,$1.00
Over 3.5,MLB-TRUNS-I9-01DTFK7TTKNMC38-GTE-P00035,Settled Early,08/17/26 04:33:02.494 PM EDT,$0.00
Over 9.5,MLB-TRUNS-FG-01DTFK7TTKNMC38-GTE-P00095,Settled Early,08/17/26 04:33:02.876 PM EDT,$0.00
CIN Reds,MLB-WIN-FG-01DTFK7TTKNMC38-CIDS000,Settled Early,08/17/26 04:33:02.926 PM EDT,$0.00
Over 0.5,MLB-TRUNS-I9-01DTFK7TTKNMC38-GTE-P00005,Settled Early,08/17/26 04:33:03.031 PM EDT,$0.00
Over 11.5,MLB-TRUNS-FG-01DTFK7TTKNMC38-GTE-P00115,Settled Early,08/17/26 04:33:03.284 PM EDT,$0.00
Over 4.5,MLB-TRUNS-I9-01DTFK7TTKNMC38-GTE-P00045,Settled Early,08/17/26 04:33:03.565 PM EDT,$0.00
Over 14.5,MLB-TRUNS-FG-01DTFK7TTKNMC38-GTE-P00145,Settled Early,08/17/26 04:33:03.776 PM EDT,$0.00
Over 1.5,MLB-TRUNS-I9-01DTFK7TTKNMC38-GTE-P00015,Settled Early,08/17/26 04:33:03.980 PM EDT,$0.00
Over 12.5,MLB-TRUNS-FG-01DTFK7TTKNMC38-GTE-P00125,Settled Early,08/17/26 04:33:04.159 PM EDT,$0.00
Over 2.5,MLB-TRUNS-I9-01DTFK7TTKNMC38-GTE-P00025,Settled Early,08/17/26 04:33:04.466 PM EDT,$0.00
Over 4.5,MLB-TRUNS-FG-01DTFK7TTKNMC38-GTE-P00045,Settled Early,08/17/26 04:33:04.585 PM EDT,$0.00
Over 8.5,MLB-TRUNS-FG-01DTFK7TTKNMC38-GTE-P00085,Settled Early,08/17/26 04:33:05.094 PM EDT,$0.00
Over 3.5,MLB-TRUNS-FG-01DTFK7TTKNMC38-GTE-P00035,Settled Early,08/17/26 04:33:05.581 PM EDT,$0.00
Over 13.5,MLB-TRUNS-FG-01DTFK7TTKNMC38-GTE-P00135,Settled Early,08/17/26 04:33:05.882 PM EDT,$0.00
Over 10.5,MLB-TRUNS-FG-01DTFK7TTKNMC38-GTE-P00105,Settled Early,08/17/26 04:33:06.147 PM EDT,$0.00
Over 5.5,MLB-TRUNS-FG-01DTFK7TTKNMC38-GTE-P00055,Settled Early,08/17/26 04:33:06.435 PM EDT,$0.00
Over 7.5,MLB-TRUNS-FG-01DTFK7TTKNMC38-GTE-P00075,Settled Early,08/17/26 04:33:06.708 PM EDT,$0.00
Over 6.5,MLB-TRUNS-FG-01DTFK7TTKNMC38-GTE-P00065,Settled Early,08/17/26 04:33:07.166 PM EDT,$0.00
Ke'Bryan Hayes 6.5,MLB-PHRR-FG-01DTFK7TTKNMC38-KEES001-GTE-P00065,Settled Early,08/17/26 04:51:44.619 PM EDT,$0.00
Ke'Bryan Hayes 3.5,MLB-PHRR-FG-01DTFK7TTKNMC38-KEES001-GTE-P00035,Settled Early,08/17/26 04:51:44.999 PM EDT,$0.00
Ke'Bryan Hayes 9.5,MLB-PHRR-FG-01DTFK7TTKNMC38-KEES001-GTE-P00095,Settled Early,08/17/26 04:51:45.341 PM EDT,$0.00
Ke'Bryan Hayes 7.5,MLB-PHRR-FG-01DTFK7TTKNMC38-KEES001-GTE-P00075,Settled Early,08/17/26 04:51:45.633 PM EDT,$0.00
Ke'Bryan Hayes 0.5,MLB-PHRR-FG-01DTFK7TTKNMC38-KEES001-GTE-P00005,Settled Early,08/17/26 04:51:45.917 PM EDT,$0.00
Ke'Bryan Hayes 8.5,MLB-PHRR-FG-01DTFK7TTKNMC38-KEES001-GTE-P00085,Settled Early,08/17/26 04:51:46.195 PM EDT,$0.00
Ke'Bryan Hayes 1.5,MLB-PHRR-FG-01DTFK7TTKNMC38-KEES001-GTE-P00015,Settled Early,08/17/26 04:51:46.515 PM EDT,$0.00
Ke'Bryan Hayes 2.5,MLB-PHRR-FG-01DTFK7TTKNMC38-KEES001-GTE-P00025,Settled Early,08/17/26 04:51:46.843 PM EDT,$0.00
Ke'Bryan Hayes 4.5,MLB-PHRR-FG-01DTFK7TTKNMC38-KEES001-GTE-P00045,Settled Early,08/17/26 04:51:47.148 PM EDT,$0.00
Ke'Bryan Hayes 5.5,MLB-PHRR-FG-01DTFK7TTKNMC38-KEES001-GTE-P00055,Settled Early,08/17/26 04:51:47.443 PM EDT,$0.00
Noelvi Marte 8.5,MLB-PHRR-FG-01DTFK7TTKNMC38-NOTE003-GTE-P00085,Settled Early,08/17/26 04:52:11.428 PM EDT,$0.00
Noelvi Marte 3.5,MLB-PHRR-FG-01DTFK7TTKNMC38-NOTE003-GTE-P00035,Settled Early,08/17/26 04:52:11.730 PM EDT,$0.00
Noelvi Marte 4.5,MLB-PHRR-FG-01DTFK7TTKNMC38-NOTE003-GTE-P00045,Settled Early,08/17/26 04:52:12.075 PM EDT,$0.00
Noelvi Marte 5.5,MLB-PHRR-FG-01DTFK7TTKNMC38-NOTE003-GTE-P00055,Settled Early,08/17/26 04:52:12.370 PM EDT,$0.00
Noelvi Marte 0.5,MLB-PHRR-FG-01DTFK7TTKNMC38-NOTE003-GTE-P00005,Settled Early,08/17/26 04:52:12.662 PM EDT,$0.00
Noelvi Marte 7.5,MLB-PHRR-FG-01DTFK7TTKNMC38-NOTE003-GTE-P00075,Settled Early,08/17/26 04:52:12.966 PM EDT,$0.00
Noelvi Marte 2.5,MLB-PHRR-FG-01DTFK7TTKNMC38-NOTE003-GTE-P00025,Settled Early,08/17/26 04:52:13.240 PM EDT,$0.00
Noelvi Marte 9.5,MLB-PHRR-FG-01DTFK7TTKNMC38-NOTE003-GTE-P00095,Settled Early,08/17/26 04:52:13.502 PM EDT,$0.00
Noelvi Marte 1.5,MLB-PHRR-FG-01DTFK7TTKNMC38-NOTE003-GTE-P00015,Settled Early,08/17/26 04:52:13.823 PM EDT,$0.00
Noelvi Marte 6.5,MLB-PHRR-FG-01DTFK7TTKNMC38-NOTE003-GTE-P00065,Settled Early,08/17/26 04:52:14.358 PM EDT,$0.00
Sal Stewart 1.5,MLB-PHRR-FG-01DTFK7TTKNMC38-SART001-GTE-P00015,Settled Early,08/17/26 04:52:42.312 PM EDT,$0.00
Sal Stewart 0.5,MLB-PHRR-FG-01DTFK7TTKNMC38-SART001-GTE-P00005,Settled Early,08/17/26 04:52:42.833 PM EDT,$1.00
Sal Stewart 3.5,MLB-PHRR-FG-01DTFK7TTKNMC38-SART001-GTE-P00035,Settled Early,08/17/26 04:52:43.188 PM EDT,$0.00
Sal Stewart 7.5,MLB-PHRR-FG-01DTFK7TTKNMC38-SART001-GTE-P00075,Settled Early,08/17/26 04:52:43.536 PM EDT,$0.00
Sal Stewart 6.5,MLB-PHRR-FG-01DTFK7TTKNMC38-SART001-GTE-P00065,Settled Early,08/17/26 04:52:43.883 PM EDT,$0.00
Sal Stewart 9.5,MLB-PHRR-FG-01DTFK7TTKNMC38-SART001-GTE-P00095,Settled Early,08/17/26 04:52:44.271 PM EDT,$0.00
Sal Stewart 2.5,MLB-PHRR-FG-01DTFK7TTKNMC38-SART001-GTE-P00025,Settled Early,08/17/26 04:52:44.629 PM EDT,$0.00
Sal Stewart 5.5,MLB-PHRR-FG-01DTFK7TTKNMC38-SART001-GTE-P00055,Settled Early,08/17/26 04:52:45.006 PM EDT,$0.00
Sal Stewart 8.5,MLB-PHRR-FG-01DTFK7TTKNMC38-SART001-GTE-P00085,Settled Early,08/17/26 04:52:45.429 PM EDT,$0.00
Sal Stewart 4.5,MLB-PHRR-FG-01DTFK7TTKNMC38-SART001-GTE-P00045,Settled Early,08/17/26 04:52:45.713 PM EDT,$0.00
Matt McLain 0.5,MLB-PHRR-FG-01DTFK7TTKNMC38-MAIN000-GTE-P00005,Settled Early,08/17/26 04:53:16.602 PM EDT,$0.00
Matt McLain 6.5,MLB-PHRR-FG-01DTFK7TTKNMC38-MAIN000-GTE-P00065,Settled Early,08/17/26 04:53:16.923 PM EDT,$0.00
Matt McLain 9.5,MLB-PHRR-FG-01DTFK7TTKNMC38-MAIN000-GTE-P00095,Settled Early,08/17/26 04:53:17.227 PM EDT,$0.00
Matt McLain 5.5,MLB-PHRR-FG-01DTFK7TTKNMC38-MAIN000-GTE-P00055,Settled Early,08/17/26 04:53:17.535 PM EDT,$0.00
Matt McLain 1.5,MLB-PHRR-FG-01DTFK7TTKNMC38-MAIN000-GTE-P00015,Settled Early,08/17/26 04:53:17.829 PM EDT,$0.00
Matt McLain 7.5,MLB-PHRR-FG-01DTFK7TTKNMC38-MAIN000-GTE-P00075,Settled Early,08/17/26 04:53:18.137 PM EDT,$0.00
Matt McLain 2.5,MLB-PHRR-FG-01DTFK7TTKNMC38-MAIN000-GTE-P00025,Settled Early,08/17/26 04:53:18.437 PM EDT,$0.00
Matt McLain 8.5,MLB-PHRR-FG-01DTFK7TTKNMC38-MAIN000-GTE-P00085,Settled Early,08/17/26 04:53:18.749 PM EDT,$0.00
Matt McLain 4.5,MLB-PHRR-FG-01DTFK7TTKNMC38-MAIN000-GTE-P00045,Settled Early,08/17/26 04:53:19.045 PM EDT,$0.00
Matt McLain 3.5,MLB-PHRR-FG-01DTFK7TTKNMC38-MAIN000-GTE-P00035,Settled Early,08/17/26 04:53:19.312 PM EDT,$0.00
Alec Burleson 9.5,MLB-PHRR-FG-01DTFK7TTKNMC38-ALON001-GTE-P00095,Settled Early,08/17/26 04:53:42.061 PM EDT,$0.00
Alec Burleson 1.5,MLB-PHRR-FG-01DTFK7TTKNMC38-ALON001-GTE-P00015,Settled Early,08/17/26 04:53:42.404 PM EDT,$1.00
Alec Burleson 3.5,MLB-PHRR-FG-01DTFK7TTKNMC38-ALON001-GTE-P00035,Settled Early,08/17/26 04:53:42.780 PM EDT,$1.00
Alec Burleson 4.5,MLB-PHRR-FG-01DTFK7TTKNMC38-ALON001-GTE-P00045,Settled Early,08/17/26 04:53:43.120 PM EDT,$0.00
Alec Burleson 0.5,MLB-PHRR-FG-01DTFK7TTKNMC38-ALON001-GTE-P00005,Settled Early,08/17/26 04:53:43.500 PM EDT,$1.00
Alec Burleson 5.5,MLB-PHRR-FG-01DTFK7TTKNMC38-ALON001-GTE-P00055,Settled Early,08/17/26 04:53:43.839 PM EDT,$0.00
Alec Burleson 7.5,MLB-PHRR-FG-01DTFK7TTKNMC38-ALON001-GTE-P00075,Settled Early,08/17/26 04:53:44.355 PM EDT,$0.00
Alec Burleson 8.5,MLB-PHRR-FG-01DTFK7TTKNMC38-ALON001-GTE-P00085,Settled Early,08/17/26 04:53:45.047 PM EDT,$0.00
Alec Burleson 6.5,MLB-PHRR-FG-01DTFK7TTKNMC38-ALON001-GTE-P00065,Settled Early,08/17/26 04:53:45.534 PM EDT,$0.00
Alec Burleson 2.5,MLB-PHRR-FG-01DTFK7TTKNMC38-ALON001-GTE-P00025,Settled Early,08/17/26 04:53:46.013 PM EDT,$1.00
Michael Toglia 8.5,MLB-PHRR-FG-01DTFK7TTKNMC38-MIIA000-GTE-P00085,Settled Early,08/17/26 04:54:07.581 PM EDT,$0.00
Michael Toglia 5.5,MLB-PHRR-FG-01DTFK7TTKNMC38-MIIA000-GTE-P00055,Settled Early,08/17/26 04:54:07.915 PM EDT,$0.00
Michael Toglia 2.5,MLB-PHRR-FG-01DTFK7TTKNMC38-MIIA000-GTE-P00025,Settled Early,08/17/26 04:54:08.207 PM EDT,$0.00
Michael Toglia 4.5,MLB-PHRR-FG-01DTFK7TTKNMC38-MIIA000-GTE-P00045,Settled Early,08/17/26 04:54:08.593 PM EDT,$0.00
Michael Toglia 6.5,MLB-PHRR-FG-01DTFK7TTKNMC38-MIIA000-GTE-P00065,Settled Early,08/17/26 04:54:08.959 PM EDT,$0.00
Michael Toglia 3.5,MLB-PHRR-FG-01DTFK7TTKNMC38-MIIA000-GTE-P00035,Settled Early,08/17/26 04:54:09.229 PM EDT,$0.00
Michael Toglia 1.5,MLB-PHRR-FG-01DTFK7TTKNMC38-MIIA000-GTE-P00015,Settled Early,08/17/26 04:54:09.706 PM EDT,$0.00
Michael Toglia 7.5,MLB-PHRR-FG-01DTFK7TTKNMC38-MIIA000-GTE-P00075,Settled Early,08/17/26 04:54:10.021 PM EDT,$0.00
Michael Toglia 0.5,MLB-PHRR-FG-01DTFK7TTKNMC38-MIIA000-GTE-P00005,Settled Early,08/17/26 04:54:10.311 PM EDT,$0.00
Michael Toglia 9.5,MLB-PHRR-FG-01DTFK7TTKNMC38-MIIA000-GTE-P00095,Settled Early,08/17/26 04:54:11.536 PM EDT,$0.00
Dane Myers 0.5,MLB-PHRR-FG-01DTFK7TTKNMC38-DARS000-GTE-P00005,Settled Early,08/17/26 04:54:24.880 PM EDT,$1.00
Dane Myers 5.5,MLB-PHRR-FG-01DTFK7TTKNMC38-DARS000-GTE-P00055,Settled Early,08/17/26 04:54:25.335 PM EDT,$0.00
Dane Myers 2.5,MLB-PHRR-FG-01DTFK7TTKNMC38-DARS000-GTE-P00025,Settled Early,08/17/26 04:54:25.651 PM EDT,$1.00
Dane Myers 9.5,MLB-PHRR-FG-01DTFK7TTKNMC38-DARS000-GTE-P00095,Settled Early,08/17/26 04:54:25.941 PM EDT,$0.00
Dane Myers 4.5,MLB-PHRR-FG-01DTFK7TTKNMC38-DARS000-GTE-P00045,Settled Early,08/17/26 04:54:26.231 PM EDT,$0.00
Dane Myers 8.5,MLB-PHRR-FG-01DTFK7TTKNMC38-DARS000-GTE-P00085,Settled Early,08/17/26 04:54:26.543 PM EDT,$0.00
Dane Myers 1.5,MLB-PHRR-FG-01DTFK7TTKNMC38-DARS000-GTE-P00015,Settled Early,08/17/26 04:54:26.838 PM EDT,$1.00
Dane Myers 6.5,MLB-PHRR-FG-01DTFK7TTKNMC38-DARS000-GTE-P00065,Settled Early,08/17/26 04:54:27.157 PM EDT,$0.00
Dane Myers 3.5,MLB-PHRR-FG-01DTFK7TTKNMC38-DARS000-GTE-P00035,Settled Early,08/17/26 04:54:27.475 PM EDT,$1.00
Dane Myers 7.5,MLB-PHRR-FG-01DTFK7TTKNMC38-DARS000-GTE-P00075,Settled Early,08/17/26 04:54:27.804 PM EDT,$0.00
Elly De La Cruz 1.5,MLB-PHRR-FG-01DTFK7TTKNMC38-ELUZ001-GTE-P00015,Settled Early,08/17/26 04:54:44.688 PM EDT,$0.00
Elly De La Cruz 5.5,MLB-PHRR-FG-01DTFK7TTKNMC38-ELUZ001-GTE-P00055,Settled Early,08/17/26 04:54:45.431 PM EDT,$0.00
Elly De La Cruz 8.5,MLB-PHRR-FG-01DTFK7TTKNMC38-ELUZ001-GTE-P00085,Settled Early,08/17/26 04:54:45.899 PM EDT,$0.00
Elly De La Cruz 7.5,MLB-PHRR-FG-01DTFK7TTKNMC38-ELUZ001-GTE-P00075,Settled Early,08/17/26 04:54:46.274 PM EDT,$0.00
Elly De La Cruz 6.5,MLB-PHRR-FG-01DTFK7TTKNMC38-ELUZ001-GTE-P00065,Settled Early,08/17/26 04:54:46.957 PM EDT,$0.00
Elly De La Cruz 9.5,MLB-PHRR-FG-01DTFK7TTKNMC38-ELUZ001-GTE-P00095,Settled Early,08/17/26 04:54:47.289 PM EDT,$0.00
Elly De La Cruz 0.5,MLB-PHRR-FG-01DTFK7TTKNMC38-ELUZ001-GTE-P00005,Settled Early,08/17/26 04:54:47.626 PM EDT,$0.00
Elly De La Cruz 3.5,MLB-PHRR-FG-01DTFK7TTKNMC38-ELUZ001-GTE-P00035,Settled Early,08/17/26 04:54:48.041 PM EDT,$0.00
Elly De La Cruz 2.5,MLB-PHRR-FG-01DTFK7TTKNMC38-ELUZ001-GTE-P00025,Settled Early,08/17/26 04:54:48.416 PM EDT,$0.00
Elly De La Cruz 4.5,MLB-PHRR-FG-01DTFK7TTKNMC38-ELUZ001-GTE-P00045,Settled Early,08/17/26 04:54:48.771 PM EDT,$0.00
Blaze Jordan 3.5,MLB-PHRR-FG-01DTFK7TTKNMC38-BLAN000-GTE-P00035,Settled Early,08/17/26 04:55:04.134 PM EDT,$0.00
Blaze Jordan 0.5,MLB-PHRR-FG-01DTFK7TTKNMC38-BLAN000-GTE-P00005,Settled Early,08/17/26 04:55:04.537 PM EDT,$1.00
Blaze Jordan 2.5,MLB-PHRR-FG-01DTFK7TTKNMC38-BLAN000-GTE-P00025,Settled Early,08/17/26 04:55:04.839 PM EDT,$0.00
Blaze Jordan 1.5,MLB-PHRR-FG-01DTFK7TTKNMC38-BLAN000-GTE-P00015,Settled Early,08/17/26 04:55:05.172 PM EDT,$0.00
Blaze Jordan 5.5,MLB-PHRR-FG-01DTFK7TTKNMC38-BLAN000-GTE-P00055,Settled Early,08/17/26 04:55:05.444 PM EDT,$0.00
Blaze Jordan 9.5,MLB-PHRR-FG-01DTFK7TTKNMC38-BLAN000-GTE-P00095,Settled Early,08/17/26 04:55:05.755 PM EDT,$0.00
Blaze Jordan 8.5,MLB-PHRR-FG-01DTFK7TTKNMC38-BLAN000-GTE-P00085,Settled Early,08/17/26 04:55:06.036 PM EDT,$0.00
Blaze Jordan 6.5,MLB-PHRR-FG-01DTFK7TTKNMC38-BLAN000-GTE-P00065,Settled Early,08/17/26 04:55:06.458 PM EDT,$0.00
Blaze Jordan 7.5,MLB-PHRR-FG-01DTFK7TTKNMC38-BLAN000-GTE-P00075,Settled Early,08/17/26 04:55:06.763 PM EDT,$0.00
Blaze Jordan 4.5,MLB-PHRR-FG-01DTFK7TTKNMC38-BLAN000-GTE-P00045,Settled Early,08/17/26 04:55:07.026 PM EDT,$0.00
Tyler Stephenson 6.5,MLB-PHRR-FG-01DTFK7TTKNMC38-TYON000-GTE-P00065,Settled Early,08/17/26 04:55:26.999 PM EDT,$0.00
Tyler Stephenson 1.5,MLB-PHRR-FG-01DTFK7TTKNMC38-TYON000-GTE-P00015,Settled Early,08/17/26 04:55:27.354 PM EDT,$0.00
Tyler Stephenson 7.5,MLB-PHRR-FG-01DTFK7TTKNMC38-TYON000-GTE-P00075,Settled Early,08/17/26 04:55:27.645 PM EDT,$0.00
Tyler Stephenson 0.5,MLB-PHRR-FG-01DTFK7TTKNMC38-TYON000-GTE-P00005,Settled Early,08/17/26 04:55:27.933 PM EDT,$0.00
Tyler Stephenson 2.5,MLB-PHRR-FG-01DTFK7TTKNMC38-TYON000-GTE-P00025,Settled Early,08/17/26 04:55:28.248 PM EDT,$0.00
Tyler Stephenson 4.5,MLB-PHRR-FG-01DTFK7TTKNMC38-TYON000-GTE-P00045,Settled Early,08/17/26 04:55:28.564 PM EDT,$0.00
Tyler Stephenson 9.5,MLB-PHRR-FG-01DTFK7TTKNMC38-TYON000-GTE-P00095,Settled Early,08/17/26 04:55:28.848 PM EDT,$0.00
Tyler Stephenson 8.5,MLB-PHRR-FG-01DTFK7TTKNMC38-TYON000-GTE-P00085,Settled Early,08/17/26 04:55:29.145 PM EDT,$0.00
Tyler Stephenson 5.5,MLB-PHRR-FG-01DTFK7TTKNMC38-TYON000-GTE-P00055,Settled Early,08/17/26 04:55:29.610 PM EDT,$0.00
Tyler Stephenson 3.5,MLB-PHRR-FG-01DTFK7TTKNMC38-TYON000-GTE-P00035,Settled Early,08/17/26 04:55:30.090 PM EDT,$0.00
Everson Pereira 2.5,MLB-PHRR-FG-01DTFK7TTKNMC38-EVRA000-GTE-P00025,Settled Early,08/17/26 04:55:55.057 PM EDT,$0.00
Everson Pereira 1.5,MLB-PHRR-FG-01DTFK7TTKNMC38-EVRA000-GTE-P00015,Settled Early,08/17/26 04:55:55.723 PM EDT,$0.00
Everson Pereira 3.5,MLB-PHRR-FG-01DTFK7TTKNMC38-EVRA000-GTE-P00035,Settled Early,08/17/26 04:55:56.061 PM EDT,$0.00
Everson Pereira 0.5,MLB-PHRR-FG-01DTFK7TTKNMC38-EVRA000-GTE-P00005,Settled Early,08/17/26 04:55:56.381 PM EDT,$1.00
Everson Pereira 6.5,MLB-PHRR-FG-01DTFK7TTKNMC38-EVRA000-GTE-P00065,Settled Early,08/17/26 04:55:56.951 PM EDT,$0.00
Everson Pereira 7.5,MLB-PHRR-FG-01DTFK7TTKNMC38-EVRA000-GTE-P00075,Settled Early,08/17/26 04:55:57.627 PM EDT,$0.00
Everson Pereira 8.5,MLB-PHRR-FG-01DTFK7TTKNMC38-EVRA000-GTE-P00085,Settled Early,08/17/26 04:55:58.119 PM EDT,$0.00
Everson Pereira 4.5,MLB-PHRR-FG-01DTFK7TTKNMC38-EVRA000-GTE-P00045,Settled Early,08/17/26 04:55:58.408 PM EDT,$0.00
Everson Pereira 9.5,MLB-PHRR-FG-01DTFK7TTKNMC38-EVRA000-GTE-P00095,Settled Early,08/17/26 04:55:58.699 PM EDT,$0.00
Everson Pereira 5.5,MLB-PHRR-FG-01DTFK7TTKNMC38-EVRA000-GTE-P00055,Settled Early,08/17/26 04:55:59.009 PM EDT,$0.00
Joshua Baez 7.5,MLB-PHRR-FG-01DTFK7TTKNMC38-JOEZ006-GTE-P00075,Settled Early,08/17/26 04:56:16.034 PM EDT,$0.00
Joshua Baez 9.5,MLB-PHRR-FG-01DTFK7TTKNMC38-JOEZ006-GTE-P00095,Settled Early,08/17/26 04:56:16.401 PM EDT,$0.00
Joshua Baez 2.5,MLB-PHRR-FG-01DTFK7TTKNMC38-JOEZ006-GTE-P00025,Settled Early,08/17/26 04:56:16.726 PM EDT,$0.00
Joshua Baez 8.5,MLB-PHRR-FG-01DTFK7TTKNMC38-JOEZ006-GTE-P00085,Settled Early,08/17/26 04:56:17.087 PM EDT,$0.00
Joshua Baez 6.5,MLB-PHRR-FG-01DTFK7TTKNMC38-JOEZ006-GTE-P00065,Settled Early,08/17/26 04:56:17.419 PM EDT,$0.00
Joshua Baez 4.5,MLB-PHRR-FG-01DTFK7TTKNMC38-JOEZ006-GTE-P00045,Settled Early,08/17/26 04:56:17.726 PM EDT,$0.00
Joshua Baez 3.5,MLB-PHRR-FG-01DTFK7TTKNMC38-JOEZ006-GTE-P00035,Settled Early,08/17/26 04:56:18.084 PM EDT,$0.00
Joshua Baez 5.5,MLB-PHRR-FG-01DTFK7TTKNMC38-JOEZ006-GTE-P00055,Settled Early,08/17/26 04:56:18.396 PM EDT,$0.00
Joshua Baez 0.5,MLB-PHRR-FG-01DTFK7TTKNMC38-JOEZ006-GTE-P00005,Settled Early,08/17/26 04:56:18.739 PM EDT,$1.00
Joshua Baez 1.5,MLB-PHRR-FG-01DTFK7TTKNMC38-JOEZ006-GTE-P00015,Settled Early,08/17/26 04:56:19.092 PM EDT,$0.00
Ivan Herrera 5.5,MLB-PHRR-FG-01DTFK7TTKNMC38-IVRA000-GTE-P00055,Settled Early,08/17/26 04:56:35.232 PM EDT,$0.00
Ivan Herrera 7.5,MLB-PHRR-FG-01DTFK7TTKNMC38-IVRA000-GTE-P00075,Settled Early,08/17/26 04:56:35.638 PM EDT,$0.00
Ivan Herrera 0.5,MLB-PHRR-FG-01DTFK7TTKNMC38-IVRA000-GTE-P00005,Settled Early,08/17/26 04:56:35.927 PM EDT,$1.00
Ivan Herrera 3.5,MLB-PHRR-FG-01DTFK7TTKNMC38-IVRA000-GTE-P00035,Settled Early,08/17/26 04:56:36.276 PM EDT,$0.00
Ivan Herrera 8.5,MLB-PHRR-FG-01DTFK7TTKNMC38-IVRA000-GTE-P00085,Settled Early,08/17/26 04:56:36.877 PM EDT,$0.00
Ivan Herrera 9.5,MLB-PHRR-FG-01DTFK7TTKNMC38-IVRA000-GTE-P00095,Settled Early,08/17/26 04:56:37.185 PM EDT,$0.00
Ivan Herrera 6.5,MLB-PHRR-FG-01DTFK7TTKNMC38-IVRA000-GTE-P00065,Settled Early,08/17/26 04:56:37.717 PM EDT,$0.00
Ivan Herrera 2.5,MLB-PHRR-FG-01DTFK7TTKNMC38-IVRA000-GTE-P00025,Settled Early,08/17/26 04:56:38.080 PM EDT,$0.00
Ivan Herrera 4.5,MLB-PHRR-FG-01DTFK7TTKNMC38-IVRA000-GTE-P00045,Settled Early,08/17/26 04:56:38.473 PM EDT,$0.00
Ivan Herrera 1.5,MLB-PHRR-FG-01DTFK7TTKNMC38-IVRA000-GTE-P00015,Settled Early,08/17/26 04:56:38.868 PM EDT,$0.00
Eugenio Suarez 9.5,MLB-PHRR-FG-01DTFK7TTKNMC38-EUEZ001-GTE-P00095,Settled Early,08/17/26 04:57:07.611 PM EDT,$0.00
Eugenio Suarez 3.5,MLB-PHRR-FG-01DTFK7TTKNMC38-EUEZ001-GTE-P00035,Settled Early,08/17/26 04:57:07.894 PM EDT,$0.00
Eugenio Suarez 1.5,MLB-PHRR-FG-01DTFK7TTKNMC38-EUEZ001-GTE-P00015,Settled Early,08/17/26 04:57:08.241 PM EDT,$0.00
Eugenio Suarez 2.5,MLB-PHRR-FG-01DTFK7TTKNMC38-EUEZ001-GTE-P00025,Settled Early,08/17/26 04:57:08.606 PM EDT,$0.00
Eugenio Suarez 4.5,MLB-PHRR-FG-01DTFK7TTKNMC38-EUEZ001-GTE-P00045,Settled Early,08/17/26 04:57:08.942 PM EDT,$0.00
Eugenio Suarez 8.5,MLB-PHRR-FG-01DTFK7TTKNMC38-EUEZ001-GTE-P00085,Settled Early,08/17/26 04:57:09.259 PM EDT,$0.00
Eugenio Suarez 5.5,MLB-PHRR-FG-01DTFK7TTKNMC38-EUEZ001-GTE-P00055,Settled Early,08/17/26 04:57:09.606 PM EDT,$0.00
Eugenio Suarez 6.5,MLB-PHRR-FG-01DTFK7TTKNMC38-EUEZ001-GTE-P00065,Settled Early,08/17/26 04:57:09.901 PM EDT,$0.00
Eugenio Suarez 7.5,MLB-PHRR-FG-01DTFK7TTKNMC38-EUEZ001-GTE-P00075,Settled Early,08/17/26 04:57:10.194 PM EDT,$0.00
Eugenio Suarez 0.5,MLB-PHRR-FG-01DTFK7TTKNMC38-EUEZ001-GTE-P00005,Settled Early,08/17/26 04:57:10.642 PM EDT,$0.00
Masyn Winn 6.5,MLB-PHRR-FG-01DTFK7TTKNMC38-MANN001-GTE-P00065,Settled Early,08/17/26 04:57:47.784 PM EDT,$0.00
Masyn Winn 4.5,MLB-PHRR-FG-01DTFK7TTKNMC38-MANN001-GTE-P00045,Settled Early,08/17/26 04:57:48.101 PM EDT,$0.00
Masyn Winn 9.5,MLB-PHRR-FG-01DTFK7TTKNMC38-MANN001-GTE-P00095,Settled Early,08/17/26 04:57:48.443 PM EDT,$0.00
Masyn Winn 0.5,MLB-PHRR-FG-01DTFK7TTKNMC38-MANN001-GTE-P00005,Settled Early,08/17/26 04:57:48.924 PM EDT,$1.00
Masyn Winn 2.5,MLB-PHRR-FG-01DTFK7TTKNMC38-MANN001-GTE-P00025,Settled Early,08/17/26 04:57:49.220 PM EDT,$0.00
Masyn Winn 3.5,MLB-PHRR-FG-01DTFK7TTKNMC38-MANN001-GTE-P00035,Settled Early,08/17/26 04:57:49.541 PM EDT,$0.00
Masyn Winn 8.5,MLB-PHRR-FG-01DTFK7TTKNMC38-MANN001-GTE-P00085,Settled Early,08/17/26 04:57:49.848 PM EDT,$0.00
Masyn Winn 7.5,MLB-PHRR-FG-01DTFK7TTKNMC38-MANN001-GTE-P00075,Settled Early,08/17/26 04:57:50.162 PM EDT,$0.00
Masyn Winn 1.5,MLB-PHRR-FG-01DTFK7TTKNMC38-MANN001-GTE-P00015,Settled Early,08/17/26 04:57:50.515 PM EDT,$0.00
Masyn Winn 5.5,MLB-PHRR-FG-01DTFK7TTKNMC38-MANN001-GTE-P00055,Settled Early,08/17/26 04:57:50.815 PM EDT,$0.00
Jose Fermin (STL) 2.5,MLB-PHRR-FG-01DTFK7TTKNMC38-JOTL000-GTE-P00025,Settled Early,08/17/26 04:58:14.193 PM EDT,$0.00
Jose Fermin (STL) 6.5,MLB-PHRR-FG-01DTFK7TTKNMC38-JOTL000-GTE-P00065,Settled Early,08/17/26 04:58:14.887 PM EDT,$0.00
Jose Fermin (STL) 0.5,MLB-PHRR-FG-01DTFK7TTKNMC38-JOTL000-GTE-P00005,Settled Early,08/17/26 04:58:15.231 PM EDT,$0.00
Jose Fermin (STL) 1.5,MLB-PHRR-FG-01DTFK7TTKNMC38-JOTL000-GTE-P00015,Settled Early,08/17/26 04:58:15.702 PM EDT,$0.00
Jose Fermin (STL) 9.5,MLB-PHRR-FG-01DTFK7TTKNMC38-JOTL000-GTE-P00095,Settled Early,08/17/26 04:58:16.142 PM EDT,$0.00
Jose Fermin (STL) 7.5,MLB-PHRR-FG-01DTFK7TTKNMC38-JOTL000-GTE-P00075,Settled Early,08/17/26 04:58:16.516 PM EDT,$0.00
Jose Fermin (STL) 3.5,MLB-PHRR-FG-01DTFK7TTKNMC38-JOTL000-GTE-P00035,Settled Early,08/17/26 04:58:17.007 PM EDT,$0.00
Jose Fermin (STL) 4.5,MLB-PHRR-FG-01DTFK7TTKNMC38-JOTL000-GTE-P00045,Settled Early,08/17/26 04:58:17.350 PM EDT,$0.00
Jose Fermin (STL) 5.5,MLB-PHRR-FG-01DTFK7TTKNMC38-JOTL000-GTE-P00055,Settled Early,08/17/26 04:58:17.636 PM EDT,$0.00
Jose Fermin (STL) 8.5,MLB-PHRR-FG-01DTFK7TTKNMC38-JOTL000-GTE-P00085,Settled Early,08/17/26 04:58:17.904 PM EDT,$0.00
Pedro Pages 4.5,MLB-PHRR-FG-01DTFK7TTKNMC38-PEES000-GTE-P00045,Settled Early,08/17/26 04:58:35.955 PM EDT,$0.00
Pedro Pages 5.5,MLB-PHRR-FG-01DTFK7TTKNMC38-PEES000-GTE-P00055,Settled Early,08/17/26 04:58:36.265 PM EDT,$0.00
Pedro Pages 6.5,MLB-PHRR-FG-01DTFK7TTKNMC38-PEES000-GTE-P00065,Settled Early,08/17/26 04:58:36.573 PM EDT,$0.00
Pedro Pages 8.5,MLB-PHRR-FG-01DTFK7TTKNMC38-PEES000-GTE-P00085,Settled Early,08/17/26 04:58:36.934 PM EDT,$0.00
Pedro Pages 7.5,MLB-PHRR-FG-01DTFK7TTKNMC38-PEES000-GTE-P00075,Settled Early,08/17/26 04:58:37.236 PM EDT,$0.00
Pedro Pages 9.5,MLB-PHRR-FG-01DTFK7TTKNMC38-PEES000-GTE-P00095,Settled Early,08/17/26 04:58:37.526 PM EDT,$0.00
Pedro Pages 0.5,MLB-PHRR-FG-01DTFK7TTKNMC38-PEES000-GTE-P00005,Settled Early,08/17/26 04:58:37.839 PM EDT,$0.00
Pedro Pages 1.5,MLB-PHRR-FG-01DTFK7TTKNMC38-PEES000-GTE-P00015,Settled Early,08/17/26 04:58:38.109 PM EDT,$0.00
Pedro Pages 2.5,MLB-PHRR-FG-01DTFK7TTKNMC38-PEES000-GTE-P00025,Settled Early,08/17/26 04:58:38.375 PM EDT,$0.00
Pedro Pages 3.5,MLB-PHRR-FG-01DTFK7TTKNMC38-PEES000-GTE-P00035,Settled Early,08/17/26 04:58:38.641 PM EDT,$0.00
Jordan Walker 9.5,MLB-PHRR-FG-01DTFK7TTKNMC38-JOER005-GTE-P00095,Settled Early,08/17/26 04:59:13.252 PM EDT,$0.00
Jordan Walker 1.5,MLB-PHRR-FG-01DTFK7TTKNMC38-JOER005-GTE-P00015,Settled Early,08/17/26 04:59:13.624 PM EDT,$1.00
Jordan Walker 4.5,MLB-PHRR-FG-01DTFK7TTKNMC38-JOER005-GTE-P00045,Settled Early,08/17/26 04:59:14.358 PM EDT,$0.00
Jordan Walker 2.5,MLB-PHRR-FG-01DTFK7TTKNMC38-JOER005-GTE-P00025,Settled Early,08/17/26 04:59:14.876 PM EDT,$0.00
Jordan Walker 3.5,MLB-PHRR-FG-01DTFK7TTKNMC38-JOER005-GTE-P00035,Settled Early,08/17/26 04:59:15.285 PM EDT,$0.00
Jordan Walker 5.5,MLB-PHRR-FG-01DTFK7TTKNMC38-JOER005-GTE-P00055,Settled Early,08/17/26 04:59:15.636 PM EDT,$0.00
Jordan Walker 0.5,MLB-PHRR-FG-01DTFK7TTKNMC38-JOER005-GTE-P00005,Settled Early,08/17/26 04:59:15.963 PM EDT,$1.00
Jordan Walker 8.5,MLB-PHRR-FG-01DTFK7TTKNMC38-JOER005-GTE-P00085,Settled Early,08/17/26 04:59:16.267 PM EDT,$0.00
Jordan Walker 7.5,MLB-PHRR-FG-01DTFK7TTKNMC38-JOER005-GTE-P00075,Settled Early,08/17/26 04:59:16.539 PM EDT,$0.00
Jordan Walker 6.5,MLB-PHRR-FG-01DTFK7TTKNMC38-JOER005-GTE-P00065,Settled Early,08/17/26 04:59:16.853 PM EDT,$0.00
JJ Wetherholt 2.5,MLB-PHRR-FG-01DTFK7TTKNMC38-JJLT000-GTE-P00025,Settled Early,08/17/26 04:59:36.530 PM EDT,$0.00
JJ Wetherholt 1.5,MLB-PHRR-FG-01DTFK7TTKNMC38-JJLT000-GTE-P00015,Settled Early,08/17/26 04:59:37.211 PM EDT,$0.00
JJ Wetherholt 0.5,MLB-PHRR-FG-01DTFK7TTKNMC38-JJLT000-GTE-P00005,Settled Early,08/17/26 04:59:37.528 PM EDT,$0.00
JJ Wetherholt 4.5,MLB-PHRR-FG-01DTFK7TTKNMC38-JJLT000-GTE-P00045,Settled Early,08/17/26 04:59:37.932 PM EDT,$0.00
JJ Wetherholt 8.5,MLB-PHRR-FG-01DTFK7TTKNMC38-JJLT000-GTE-P00085,Settled Early,08/17/26 04:59:38.310 PM EDT,$0.00
JJ Wetherholt 7.5,MLB-PHRR-FG-01DTFK7TTKNMC38-JJLT000-GTE-P00075,Settled Early,08/17/26 04:59:38.630 PM EDT,$0.00
JJ Wetherholt 9.5,MLB-PHRR-FG-01DTFK7TTKNMC38-JJLT000-GTE-P00095,Settled Early,08/17/26 04:59:38.989 PM EDT,$0.00
JJ Wetherholt 5.5,MLB-PHRR-FG-01DTFK7TTKNMC38-JJLT000-GTE-P00055,Settled Early,08/17/26 04:59:39.372 PM EDT,$0.00
JJ Wetherholt 6.5,MLB-PHRR-FG-01DTFK7TTKNMC38-JJLT000-GTE-P00065,Settled Early,08/17/26 04:59:39.676 PM EDT,$0.00
JJ Wetherholt 3.5,MLB-PHRR-FG-01DTFK7TTKNMC38-JJLT000-GTE-P00035,Settled Early,08/17/26 04:59:39.963 PM EDT,$0.00
JJ Bleday 0.5,MLB-PHRR-FG-01DTFK7TTKNMC38-JJAY000-GTE-P00005,Settled Early,08/17/26 04:59:53.927 PM EDT,$0.00
JJ Bleday 3.5,MLB-PHRR-FG-01DTFK7TTKNMC38-JJAY000-GTE-P00035,Settled Early,08/17/26 04:59:54.676 PM EDT,$0.00
JJ Bleday 5.5,MLB-PHRR-FG-01DTFK7TTKNMC38-JJAY000-GTE-P00055,Settled Early,08/17/26 04:59:55.173 PM EDT,$0.00
JJ Bleday 7.5,MLB-PHRR-FG-01DTFK7TTKNMC38-JJAY000-GTE-P00075,Settled Early,08/17/26 04:59:55.541 PM EDT,$0.00
JJ Bleday 9.5,MLB-PHRR-FG-01DTFK7TTKNMC38-JJAY000-GTE-P00095,Settled Early,08/17/26 04:59:55.856 PM EDT,$0.00
JJ Bleday 8.5,MLB-PHRR-FG-01DTFK7TTKNMC38-JJAY000-GTE-P00085,Settled Early,08/17/26 04:59:56.149 PM EDT,$0.00
JJ Bleday 4.5,MLB-PHRR-FG-01DTFK7TTKNMC38-JJAY000-GTE-P00045,Settled Early,08/17/26 04:59:56.459 PM EDT,$0.00
JJ Bleday 1.5,MLB-PHRR-FG-01DTFK7TTKNMC38-JJAY000-GTE-P00015,Settled Early,08/17/26 04:59:56.769 PM EDT,$0.00
JJ Bleday 2.5,MLB-PHRR-FG-01DTFK7TTKNMC38-JJAY000-GTE-P00025,Settled Early,08/17/26 04:59:57.106 PM EDT,$0.00
JJ Bleday 6.5,MLB-PHRR-FG-01DTFK7TTKNMC38-JJAY000-GTE-P00065,Settled Early,08/17/26 04:59:57.416 PM EDT,$0.00
Nathan Church 0.5,MLB-PHRR-FG-01DTFK7TTKNMC38-NACH000-GTE-P00005,Settled Early,08/17/26 05:02:16.563 PM EDT,$0.00
Nathan Church 8.5,MLB-PHRR-FG-01DTFK7TTKNMC38-NACH000-GTE-P00085,Settled Early,08/17/26 05:02:16.914 PM EDT,$0.00
Nathan Church 6.5,MLB-PHRR-FG-01DTFK7TTKNMC38-NACH000-GTE-P00065,Settled Early,08/17/26 05:02:17.229 PM EDT,$0.00
Nathan Church 5.5,MLB-PHRR-FG-01DTFK7TTKNMC38-NACH000-GTE-P00055,Settled Early,08/17/26 05:02:17.538 PM EDT,$0.00
Nathan Church 1.5,MLB-PHRR-FG-01DTFK7TTKNMC38-NACH000-GTE-P00015,Settled Early,08/17/26 05:02:17.817 PM EDT,$0.00
Nathan Church 9.5,MLB-PHRR-FG-01DTFK7TTKNMC38-NACH000-GTE-P00095,Settled Early,08/17/26 05:02:18.120 PM EDT,$0.00
Nathan Church 7.5,MLB-PHRR-FG-01DTFK7TTKNMC38-NACH000-GTE-P00075,Settled Early,08/17/26 05:02:18.582 PM EDT,$0.00
Nathan Church 2.5,MLB-PHRR-FG-01DTFK7TTKNMC38-NACH000-GTE-P00025,Settled Early,08/17/26 05:02:18.878 PM EDT,$0.00
Nathan Church 3.5,MLB-PHRR-FG-01DTFK7TTKNMC38-NACH000-GTE-P00035,Settled Early,08/17/26 05:02:19.174 PM EDT,$0.00
Nathan Church 4.5,MLB-PHRR-FG-01DTFK7TTKNMC38-NACH000-GTE-P00045,Settled Early,08/17/26 05:02:19.480 PM EDT,$0.00
Over 3.5,MLB-TRUNS-I1-01DTFK4GTKNMCIO-GTE-P00035,Settled Early,08/17/26 06:17:48.813 PM EDT,$0.00
Over 0.5,MLB-TRUNS-I1-01DTFK4GTKNMCIO-GTE-P00005,Settled Early,08/17/26 06:17:49.292 PM EDT,$0.00
Over 1.5,MLB-TRUNS-I1-01DTFK4GTKNMCIO-GTE-P00015,Settled Early,08/17/26 06:17:49.948 PM EDT,$0.00
Over 2.5,MLB-TRUNS-I1-01DTFK4GTKNMCIO-GTE-P00025,Settled Early,08/17/26 06:17:50.740 PM EDT,$0.00
Over 4.5,MLB-TRUNS-I1-01DTFK4GTKNMCIO-GTE-P00045,Settled Early,08/17/26 06:17:51.234 PM EDT,$0.00
Over 0.5,MLB-TRUNS-I2-01DTFK4GTKNMCIO-GTE-P00005,Settled Early,08/17/26 06:18:48.702 PM EDT,$1.00
Over 3.5,MLB-TRUNS-I2-01DTFK4GTKNMCIO-GTE-P00035,Settled Early,08/17/26 06:33:58.494 PM EDT,$0.00
Over 1.5,MLB-TRUNS-I2-01DTFK4GTKNMCIO-GTE-P00015,Settled Early,08/17/26 06:33:58.926 PM EDT,$0.00
Over 4.5,MLB-TRUNS-I2-01DTFK4GTKNMCIO-GTE-P00045,Settled Early,08/17/26 06:33:59.557 PM EDT,$0.00
Over 2.5,MLB-TRUNS-I2-01DTFK4GTKNMCIO-GTE-P00025,Settled Early,08/17/26 06:34:00.063 PM EDT,$0.00
Over 0.5,MLB-TRUNS-I3-01DTFK4GTKNMCIO-GTE-P00005,Settled Early,08/17/26 06:46:28.639 PM EDT,$1.00
Over 1.5,MLB-TRUNS-I3-01DTFK4GTKNMCIO-GTE-P00015,Settled Early,08/17/26 06:48:58.458 PM EDT,$1.00
Over 0.5,MLB-TRUNS-I1-01DTFK23TKNMC5G-GTE-P00005,Settled Early,08/17/26 06:54:35.722 PM EDT,$1.00
Over 4.5,MLB-TRUNS-I3-01DTFK4GTKNMCIO-GTE-P00045,Settled Early,08/17/26 06:54:58.704 PM EDT,$0.00
Over 3.5,MLB-TRUNS-I3-01DTFK4GTKNMCIO-GTE-P00035,Settled Early,08/17/26 06:54:59.009 PM EDT,$0.00
Over 2.5,MLB-TRUNS-I3-01DTFK4GTKNMCIO-GTE-P00025,Settled Early,08/17/26 06:54:59.299 PM EDT,$0.00
Over 4.5,MLB-TRUNS-I1-01DTFK7HTKNMDG8-GTE-P00045,Settled Early,08/17/26 06:57:50.785 PM EDT,$0.00
Over 2.5,MLB-TRUNS-I1-01DTFK7HTKNMDG8-GTE-P00025,Settled Early,08/17/26 06:57:51.099 PM EDT,$0.00
Over 3.5,MLB-TRUNS-I1-01DTFK7HTKNMDG8-GTE-P00035,Settled Early,08/17/26 06:57:51.428 PM EDT,$0.00
Over 1.5,MLB-TRUNS-I1-01DTFK7HTKNMDG8-GTE-P00015,Settled Early,08/17/26 06:57:51.767 PM EDT,$0.00
Over 0.5,MLB-TRUNS-I1-01DTFK7HTKNMDG8-GTE-P00005,Settled Early,08/17/26 06:57:52.154 PM EDT,$0.00
Over 2.5,MLB-TRUNS-I1-01DTFK23TKNMC5G-GTE-P00025,Settled Early,08/17/26 06:58:05.914 PM EDT,$0.00
Over 4.5,MLB-TRUNS-I1-01DTFK23TKNMC5G-GTE-P00045,Settled Early,08/17/26 06:58:06.432 PM EDT,$0.00
Over 1.5,MLB-TRUNS-I1-01DTFK23TKNMC5G-GTE-P00015,Settled Early,08/17/26 06:58:06.965 PM EDT,$0.00
Over 3.5,MLB-TRUNS-I1-01DTFK23TKNMC5G-GTE-P00035,Settled Early,08/17/26 06:58:07.551 PM EDT,$0.00
Over 3.5,MLB-TRUNS-FG-01DTFK4GTKNMCIO-GTE-P00035,Settled Early,08/17/26 07:04:48.496 PM EDT,$1.00
Over 0.5,MLB-TRUNS-I4-01DTFK4GTKNMCIO-GTE-P00005,Settled Early,08/17/26 07:04:48.518 PM EDT,$1.00
Over 1.5,MLB-TRUNS-I4-01DTFK4GTKNMCIO-GTE-P00015,Settled Early,08/17/26 07:04:49.260 PM EDT,$1.00
Over 3.5,MLB-TRUNS-I2-01DTFK23TKNMC5G-GTE-P00035,Settled Early,08/17/26 07:11:45.756 PM EDT,$0.00
Over 0.5,MLB-TRUNS-I2-01DTFK23TKNMC5G-GTE-P00005,Settled Early,08/17/26 07:11:46.125 PM EDT,$0.00
Over 2.5,MLB-TRUNS-I2-01DTFK23TKNMC5G-GTE-P00025,Settled Early,08/17/26 07:11:46.515 PM EDT,$0.00
Over 1.5,MLB-TRUNS-I2-01DTFK23TKNMC5G-GTE-P00015,Settled Early,08/17/26 07:11:46.869 PM EDT,$0.00
Over 4.5,MLB-TRUNS-I2-01DTFK23TKNMC5G-GTE-P00045,Settled Early,08/17/26 07:11:47.202 PM EDT,$0.00
Over 4.5,MLB-TRUNS-I2-01DTFK7HTKNMDG8-GTE-P00045,Settled Early,08/17/26 07:14:10.838 PM EDT,$0.00
Over 3.5,MLB-TRUNS-I2-01DTFK7HTKNMDG8-GTE-P00035,Settled Early,08/17/26 07:14:11.139 PM EDT,$0.00
Over 0.5,MLB-TRUNS-I2-01DTFK7HTKNMDG8-GTE-P00005,Settled Early,08/17/26 07:14:11.412 PM EDT,$0.00
Over 1.5,MLB-TRUNS-I2-01DTFK7HTKNMDG8-GTE-P00015,Settled Early,08/17/26 07:14:11.840 PM EDT,$0.00
Over 2.5,MLB-TRUNS-I2-01DTFK7HTKNMDG8-GTE-P00025,Settled Early,08/17/26 07:14:12.218 PM EDT,$0.00
Over 4.5,MLB-TRUNS-FG-01DTFK4GTKNMCIO-GTE-P00045,Settled Early,08/17/26 07:18:58.473 PM EDT,$1.00
Over 2.5,MLB-TRUNS-I4-01DTFK4GTKNMCIO-GTE-P00025,Settled Early,08/17/26 07:18:58.492 PM EDT,$1.00
Over 0.5,MLB-TRUNS-I1-01DTFK5DTKNMD00-GTE-P00005,Settled Early,08/17/26 07:20:11.229 PM EDT,$1.00
Over 1.5,MLB-TRUNS-I1-01DTFK5DTKNMD00-GTE-P00015,Settled Early,08/17/26 07:21:01.225 PM EDT,$1.00
Over 3.5,MLB-TRUNS-I4-01DTFK4GTKNMCIO-GTE-P00035,Settled Early,08/17/26 07:23:28.861 PM EDT,$1.00
Over 5.5,MLB-TRUNS-FG-01DTFK4GTKNMCIO-GTE-P00055,Settled Early,08/17/26 07:23:28.879 PM EDT,$1.00
Over 4.5,MLB-TRUNS-I4-01DTFK4GTKNMCIO-GTE-P00045,Settled Early,08/17/26 07:23:29.205 PM EDT,$1.00
Over 6.5,MLB-TRUNS-FG-01DTFK4GTKNMCIO-GTE-P00065,Settled Early,08/17/26 07:23:29.324 PM EDT,$1.00
Over 3.5,MLB-TRUNS-I3-01DTFK23TKNMC5G-GTE-P00035,Settled Early,08/17/26 07:28:26.137 PM EDT,$0.00
Over 1.5,MLB-TRUNS-I3-01DTFK23TKNMC5G-GTE-P00015,Settled Early,08/17/26 07:28:26.515 PM EDT,$0.00
Over 2.5,MLB-TRUNS-I3-01DTFK23TKNMC5G-GTE-P00025,Settled Early,08/17/26 07:28:26.916 PM EDT,$0.00
Over 4.5,MLB-TRUNS-I3-01DTFK23TKNMC5G-GTE-P00045,Settled Early,08/17/26 07:28:27.243 PM EDT,$0.00
Over 0.5,MLB-TRUNS-I3-01DTFK23TKNMC5G-GTE-P00005,Settled Early,08/17/26 07:28:27.543 PM EDT,$0.00
Over 0.5,MLB-TRUNS-I4-01DTFK23TKNMC5G-GTE-P00005,Settled Early,08/17/26 07:28:56.167 PM EDT,$1.00
Over 0.5,MLB-TRUNS-I1-01DTFK03TKNMC0O-GTE-P00005,Settled Early,08/17/26 07:29:57.790 PM EDT,$1.00
Over 0.5,MLB-TRUNS-I1-01DTFK68TKNMCJG-GTE-P00005,Settled Early,08/17/26 07:30:42.403 PM EDT,$0.00
Over 2.5,MLB-TRUNS-I1-01DTFK68TKNMCJG-GTE-P00025,Settled Early,08/17/26 07:30:42.782 PM EDT,$0.00
Over 1.5,MLB-TRUNS-I1-01DTFK68TKNMCJG-GTE-P00015,Settled Early,08/17/26 07:30:43.163 PM EDT,$0.00
Over 3.5,MLB-TRUNS-I1-01DTFK68TKNMCJG-GTE-P00035,Settled Early,08/17/26 07:30:43.520 PM EDT,$0.00
Over 4.5,MLB-TRUNS-I1-01DTFK68TKNMCJG-GTE-P00045,Settled Early,08/17/26 07:30:43.903 PM EDT,$0.00
Over 0.5,MLB-TRUNS-I3-01DTFK7HTKNMDG8-GTE-P00005,Settled Early,08/17/26 07:31:01.302 PM EDT,$1.00
Over 0.5,MLB-TRUNS-I5-01DTFK4GTKNMCIO-GTE-P00005,Settled Early,08/17/26 07:31:28.469 PM EDT,$1.00
Over 7.5,MLB-TRUNS-FG-01DTFK4GTKNMCIO-GTE-P00075,Settled Early,08/17/26 07:31:28.483 PM EDT,$1.00
Over 4.5,MLB-TRUNS-I1-01DTFK5DTKNMD00-GTE-P00045,Settled Early,08/17/26 07:31:31.229 PM EDT,$0.00
Over 2.5,MLB-TRUNS-I1-01DTFK5DTKNMD00-GTE-P00025,Settled Early,08/17/26 07:31:31.528 PM EDT,$0.00
Over 3.5,MLB-TRUNS-I1-01DTFK5DTKNMD00-GTE-P00035,Settled Early,08/17/26 07:31:31.853 PM EDT,$0.00
Over 1.5,MLB-TRUNS-I4-01DTFK23TKNMC5G-GTE-P00015,Settled Early,08/17/26 07:34:25.784 PM EDT,$1.00
Over 1.5,MLB-TRUNS-I1-01DTFK03TKNMC0O-GTE-P00015,Settled Early,08/17/26 07:34:27.732 PM EDT,$1.00
Over 1.5,MLB-TRUNS-I3-01DTFK7HTKNMDG8-GTE-P00015,Settled Early,08/17/26 07:35:30.736 PM EDT,$1.00
Over 1.5,MLB-TRUNS-I5-01DTFK4GTKNMCIO-GTE-P00015,Settled Early,08/17/26 07:36:58.508 PM EDT,$1.00
Over 8.5,MLB-TRUNS-FG-01DTFK4GTKNMCIO-GTE-P00085,Settled Early,08/17/26 07:36:58.536 PM EDT,$1.00
Over 2.5,MLB-TRUNS-I5-01DTFK4GTKNMCIO-GTE-P00025,Settled Early,08/17/26 07:36:58.842 PM EDT,$1.00
Over 9.5,MLB-TRUNS-FG-01DTFK4GTKNMCIO-GTE-P00095,Settled Early,08/17/26 07:36:58.905 PM EDT,$1.00
Over 3.5,MLB-TRUNS-FG-01DTFK5DTKNMD00-GTE-P00035,Settled Early,08/17/26 07:38:11.442 PM EDT,$1.00
Over 1.5,MLB-TRUNS-I2-01DTFK5DTKNMD00-GTE-P00015,Settled Early,08/17/26 07:38:11.462 PM EDT,$1.00
Over 0.5,MLB-TRUNS-I2-01DTFK5DTKNMD00-GTE-P00005,Settled Early,08/17/26 07:38:11.782 PM EDT,$1.00
Over 3.5,MLB-TRUNS-I1-01DTFK03TKNMC0O-GTE-P00035,Settled Early,08/17/26 07:38:26.968 PM EDT,$0.00
Over 2.5,MLB-TRUNS-I1-01DTFK03TKNMC0O-GTE-P00025,Settled Early,08/17/26 07:38:27.307 PM EDT,$0.00
Over 4.5,MLB-TRUNS-I1-01DTFK03TKNMC0O-GTE-P00045,Settled Early,08/17/26 07:38:27.636 PM EDT,$0.00
Over 0.5,MLB-TRUNS-I1-01DTF04PTKNSV50-GTE-P00005,Settled Early,08/17/26 07:41:17.040 PM EDT,$1.00
Over 4.5,MLB-TRUNS-I3-01DTFK7HTKNMDG8-GTE-P00045,Settled Early,08/17/26 07:45:40.854 PM EDT,$0.00
Over 3.5,MLB-TRUNS-I3-01DTFK7HTKNMDG8-GTE-P00035,Settled Early,08/17/26 07:45:41.388 PM EDT,$0.00
Over 2.5,MLB-TRUNS-I3-01DTFK7HTKNMDG8-GTE-P00025,Settled Early,08/17/26 07:45:41.857 PM EDT,$0.00
Over 2.5,MLB-TRUNS-I4-01DTFK23TKNMC5G-GTE-P00025,Settled Early,08/17/26 07:45:45.718 PM EDT,$0.00
Over 4.5,MLB-TRUNS-I4-01DTFK23TKNMC5G-GTE-P00045,Settled Early,08/17/26 07:45:46.069 PM EDT,$0.00
Over 3.5,MLB-TRUNS-I4-01DTFK23TKNMC5G-GTE-P00035,Settled Early,08/17/26 07:45:46.356 PM EDT,$0.00
Over 0.5,MLB-TRUNS-I2-01DTFK03TKNMC0O-GTE-P00005,Settled Early,08/17/26 07:47:07.351 PM EDT,$1.00
Over 3.5,MLB-TRUNS-I5-01DTFK4GTKNMCIO-GTE-P00035,Settled Early,08/17/26 07:47:28.667 PM EDT,$0.00
BAL Orioles,MLB-WIN-IT5-01DTFK4GTKNMCIO-BAES000,Settled Early,08/17/26 07:47:28.696 PM EDT,$1.00
Over 1.5,MLB-TRUNS-IT5-01DTFK4GTKNMCIO-GTE-P00015,Settled Early,08/17/26 07:47:28.750 PM EDT,$1.00
TB Rays -1.5,MLB-MOVY-IT5-01DTFK4GTKNMCIO-TBYS000-GTE-P00015,Settled Early,08/17/26 07:47:28.816 PM EDT,$0.00
Over 0.5,MLB-TRUNS-IT5-01DTFK4GTKNMCIO-GTE-P00005,Settled Early,08/17/26 07:47:29.219 PM EDT,$1.00
TB Rays,MLB-WIN-IT5-01DTFK4GTKNMCIO-TBYS000,Settled Early,08/17/26 07:47:29.391 PM EDT,$0.00
BAL Orioles -2.5,MLB-MOVY-IT5-01DTFK4GTKNMCIO-BAES000-GTE-P00025,Settled Early,08/17/26 07:47:29.395 PM EDT,$0.00
Over 2.5,MLB-TRUNS-IT5-01DTFK4GTKNMCIO-GTE-P00025,Settled Early,08/17/26 07:47:29.598 PM EDT,$1.00
Over 4.5,MLB-TRUNS-I5-01DTFK4GTKNMCIO-GTE-P00045,Settled Early,08/17/26 07:47:29.663 PM EDT,$0.00
TB Rays -0.5,MLB-MOVY-IT5-01DTFK4GTKNMCIO-TBYS000-GTE-P00005,Settled Early,08/17/26 07:47:29.705 PM EDT,$0.00
BAL Orioles -4.5,MLB-MOVY-IT5-01DTFK4GTKNMCIO-BAES000-GTE-P00045,Settled Early,08/17/26 07:47:30.377 PM EDT,$0.00
Over 7.5,MLB-TRUNS-IT5-01DTFK4GTKNMCIO-GTE-P00075,Settled Early,08/17/26 07:47:30.434 PM EDT,$1.00
BAL Orioles -0.5,MLB-MOVY-IT5-01DTFK4GTKNMCIO-BAES000-GTE-P00005,Settled Early,08/17/26 07:47:30.671 PM EDT,$1.00
Over 6.5,MLB-TRUNS-IT5-01DTFK4GTKNMCIO-GTE-P00065,Settled Early,08/17/26 07:47:30.792 PM EDT,$1.00
TB Rays -3.5,MLB-MOVY-IT5-01DTFK4GTKNMCIO-TBYS000-GTE-P00035,Settled Early,08/17/26 07:47:31.078 PM EDT,$0.00
Over 10.5,MLB-TRUNS-IT5-01DTFK4GTKNMCIO-GTE-P00105,Settled Early,08/17/26 07:47:31.119 PM EDT,$0.00
TB Rays -4.5,MLB-MOVY-IT5-01DTFK4GTKNMCIO-TBYS000-GTE-P00045,Settled Early,08/17/26 07:47:31.376 PM EDT,$0.00
Over 5.5,MLB-TRUNS-IT5-01DTFK4GTKNMCIO-GTE-P00055,Settled Early,08/17/26 07:47:31.479 PM EDT,$1.00
BAL Orioles -3.5,MLB-MOVY-IT5-01DTFK4GTKNMCIO-BAES000-GTE-P00035,Settled Early,08/17/26 07:47:31.700 PM EDT,$0.00
Over 3.5,MLB-TRUNS-IT5-01DTFK4GTKNMCIO-GTE-P00035,Settled Early,08/17/26 07:47:31.940 PM EDT,$1.00
BAL Orioles -1.5,MLB-MOVY-IT5-01DTFK4GTKNMCIO-BAES000-GTE-P00015,Settled Early,08/17/26 07:47:32.064 PM EDT,$1.00
TB Rays -2.5,MLB-MOVY-IT5-01DTFK4GTKNMCIO-TBYS000-GTE-P00025,Settled Early,08/17/26 07:47:32.588 PM EDT,$0.00
Over 8.5,MLB-TRUNS-IT5-01DTFK4GTKNMCIO-GTE-P00085,Settled Early,08/17/26 07:47:32.777 PM EDT,$1.00
Over 4.5,MLB-TRUNS-IT5-01DTFK4GTKNMCIO-GTE-P00045,Settled Early,08/17/26 07:47:33.105 PM EDT,$1.00
Over 9.5,MLB-TRUNS-IT5-01DTFK4GTKNMCIO-GTE-P00095,Settled Early,08/17/26 07:47:33.699 PM EDT,$1.00
Over 0.5,MLB-TRUNS-I2-01DTFK68TKNMCJG-GTE-P00005,Settled Early,08/17/26 07:52:11.991 PM EDT,$1.00
Over 1.5,MLB-TRUNS-I2-01DTFK68TKNMCJG-GTE-P00015,Settled Early,08/17/26 07:52:52.570 PM EDT,$1.00
Over 2.5,MLB-TRUNS-I2-01DTFK5DTKNMD00-GTE-P00025,Settled Early,08/17/26 07:54:21.256 PM EDT,$0.00
Over 3.5,MLB-TRUNS-I2-01DTFK5DTKNMD00-GTE-P00035,Settled Early,08/17/26 07:54:21.631 PM EDT,$0.00
Over 4.5,MLB-TRUNS-I2-01DTFK5DTKNMD00-GTE-P00045,Settled Early,08/17/26 07:54:21.939 PM EDT,$0.00
Over 4.5,MLB-TRUNS-I2-01DTFK68TKNMCJG-GTE-P00045,Settled Early,08/17/26 07:55:52.001 PM EDT,$0.00
Over 3.5,MLB-TRUNS-I2-01DTFK68TKNMCJG-GTE-P00035,Settled Early,08/17/26 07:55:52.401 PM EDT,$0.00
Over 2.5,MLB-TRUNS-I2-01DTFK68TKNMCJG-GTE-P00025,Settled Early,08/17/26 07:55:52.726 PM EDT,$0.00
Over 1.5,MLB-TRUNS-I1-01DTF04PTKNSV50-GTE-P00015,Settled Early,08/17/26 07:56:57.048 PM EDT,$1.00
Over 3.5,MLB-TRUNS-I2-01DTFK03TKNMC0O-GTE-P00035,Settled Early,08/17/26 07:58:47.083 PM EDT,$0.00
Over 4.5,MLB-TRUNS-I2-01DTFK03TKNMC0O-GTE-P00045,Settled Early,08/17/26 07:58:47.439 PM EDT,$0.00
Over 1.5,MLB-TRUNS-I2-01DTFK03TKNMC0O-GTE-P00015,Settled Early,08/17/26 07:58:47.797 PM EDT,$0.00
Over 2.5,MLB-TRUNS-I2-01DTFK03TKNMC0O-GTE-P00025,Settled Early,08/17/26 07:58:48.177 PM EDT,$0.00
Over 1.5,MLB-TRUNS-IT5-01DTFK23TKNMC5G-GTE-P00015,Settled Early,08/17/26 07:59:05.980 PM EDT,$1.00
CIN Reds,MLB-WIN-IT5-01DTFK23TKNMC5G-CIDS000,Settled Early,08/17/26 07:59:06.050 PM EDT,$0.00
CIN Reds -4.5,MLB-MOVY-IT5-01DTFK23TKNMC5G-CIDS000-GTE-P00045,Settled Early,08/17/26 07:59:06.090 PM EDT,$0.00
Over 1.5,MLB-TRUNS-I5-01DTFK23TKNMC5G-GTE-P00015,Settled Early,08/17/26 07:59:06.155 PM EDT,$0.00
STL Cardinals,MLB-WIN-IT5-01DTFK23TKNMC5G-STLS000,Settled Early,08/17/26 07:59:06.783 PM EDT,$1.00
Over 0.5,MLB-TRUNS-IT5-01DTFK23TKNMC5G-GTE-P00005,Settled Early,08/17/26 07:59:06.851 PM EDT,$1.00
CIN Reds -0.5,MLB-MOVY-IT5-01DTFK23TKNMC5G-CIDS000-GTE-P00005,Settled Early,08/17/26 07:59:07.192 PM EDT,$0.00
Over 3.5,MLB-TRUNS-I5-01DTFK23TKNMC5G-GTE-P00035,Settled Early,08/17/26 07:59:07.234 PM EDT,$0.00
Over 5.5,MLB-TRUNS-IT5-01DTFK23TKNMC5G-GTE-P00055,Settled Early,08/17/26 07:59:07.289 PM EDT,$0.00
STL Cardinals -1.5,MLB-MOVY-IT5-01DTFK23TKNMC5G-STLS000-GTE-P00015,Settled Early,08/17/26 07:59:07.708 PM EDT,$0.00
Over 2.5,MLB-TRUNS-I5-01DTFK23TKNMC5G-GTE-P00025,Settled Early,08/17/26 07:59:07.784 PM EDT,$0.00
Over 4.5,MLB-TRUNS-IT5-01DTFK23TKNMC5G-GTE-P00045,Settled Early,08/17/26 07:59:08.148 PM EDT,$0.00
Over 4.5,MLB-TRUNS-I5-01DTFK23TKNMC5G-GTE-P00045,Settled Early,08/17/26 07:59:08.171 PM EDT,$0.00
CIN Reds -1.5,MLB-MOVY-IT5-01DTFK23TKNMC5G-CIDS000-GTE-P00015,Settled Early,08/17/26 07:59:08.201 PM EDT,$0.00
Over 0.5,MLB-TRUNS-I5-01DTFK23TKNMC5G-GTE-P00005,Settled Early,08/17/26 07:59:08.483 PM EDT,$0.00
STL Cardinals -0.5,MLB-MOVY-IT5-01DTFK23TKNMC5G-STLS000-GTE-P00005,Settled Early,08/17/26 07:59:08.591 PM EDT,$1.00
Over 6.5,MLB-TRUNS-IT5-01DTFK23TKNMC5G-GTE-P00065,Settled Early,08/17/26 07:59:08.723 PM EDT,$0.00
STL Cardinals -4.5,MLB-MOVY-IT5-01DTFK23TKNMC5G-STLS000-GTE-P00045,Settled Early,08/17/26 07:59:08.970 PM EDT,$0.00
Over 2.5,MLB-TRUNS-IT5-01DTFK23TKNMC5G-GTE-P00025,Settled Early,08/17/26 07:59:09.071 PM EDT,$1.00
STL Cardinals -2.5,MLB-MOVY-IT5-01DTFK23TKNMC5G-STLS000-GTE-P00025,Settled Early,08/17/26 07:59:09.289 PM EDT,$0.00
Over 3.5,MLB-TRUNS-IT5-01DTFK23TKNMC5G-GTE-P00035,Settled Early,08/17/26 07:59:09.439 PM EDT,$0.00
STL Cardinals -3.5,MLB-MOVY-IT5-01DTFK23TKNMC5G-STLS000-GTE-P00035,Settled Early,08/17/26 07:59:09.629 PM EDT,$0.00
CIN Reds -3.5,MLB-MOVY-IT5-01DTFK23TKNMC5G-CIDS000-GTE-P00035,Settled Early,08/17/26 07:59:09.908 PM EDT,$0.00
Over 7.5,MLB-TRUNS-IT5-01DTFK23TKNMC5G-GTE-P00075,Settled Early,08/17/26 07:59:09.982 PM EDT,$0.00
CIN Reds -2.5,MLB-MOVY-IT5-01DTFK23TKNMC5G-CIDS000-GTE-P00025,Settled Early,08/17/26 07:59:10.265 PM EDT,$0.00
Over 8.5,MLB-TRUNS-IT5-01DTFK23TKNMC5G-GTE-P00085,Settled Early,08/17/26 07:59:10.265 PM EDT,$0.00
Over 9.5,MLB-TRUNS-IT5-01DTFK23TKNMC5G-GTE-P00095,Settled Early,08/17/26 07:59:10.590 PM EDT,$0.00
Over 10.5,MLB-TRUNS-IT5-01DTFK23TKNMC5G-GTE-P00105,Settled Early,08/17/26 07:59:10.892 PM EDT,$0.00
Over 3.5,MLB-TRUNS-FG-01DTFK23TKNMC5G-GTE-P00035,Settled Early,08/17/26 08:01:36.041 PM EDT,$1.00
Over 0.5,MLB-TRUNS-I6-01DTFK23TKNMC5G-GTE-P00005,Settled Early,08/17/26 08:01:36.057 PM EDT,$1.00
Over 2.5,MLB-TRUNS-I1-01DTF04PTKNSV50-GTE-P00025,Settled Early,08/17/26 08:02:07.094 PM EDT,$1.00
Over 3.5,MLB-TRUNS-FG-01DTF04PTKNSV50-GTE-P00035,Settled Early,08/17/26 08:02:07.109 PM EDT,$1.00
Over 3.5,MLB-TRUNS-I1-01DTF04PTKNSV50-GTE-P00035,Settled Early,08/17/26 08:02:07.500 PM EDT,$1.00
Over 4.5,MLB-TRUNS-I6-01DTFK4GTKNMCIO-GTE-P00045,Settled Early,08/17/26 08:03:39.052 PM EDT,$0.00
Over 2.5,MLB-TRUNS-I6-01DTFK4GTKNMCIO-GTE-P00025,Settled Early,08/17/26 08:03:39.400 PM EDT,$0.00
Over 3.5,MLB-TRUNS-I6-01DTFK4GTKNMCIO-GTE-P00035,Settled Early,08/17/26 08:03:39.710 PM EDT,$0.00
Over 1.5,MLB-TRUNS-I6-01DTFK4GTKNMCIO-GTE-P00015,Settled Early,08/17/26 08:03:40.038 PM EDT,$0.00
Over 0.5,MLB-TRUNS-I6-01DTFK4GTKNMCIO-GTE-P00005,Settled Early,08/17/26 08:03:40.581 PM EDT,$0.00
Over 2.5,MLB-TRUNS-I4-01DTFK7HTKNMDG8-GTE-P00025,Settled Early,08/17/26 08:04:51.966 PM EDT,$0.00
Over 1.5,MLB-TRUNS-I4-01DTFK7HTKNMDG8-GTE-P00015,Settled Early,08/17/26 08:04:52.346 PM EDT,$0.00
Over 0.5,MLB-TRUNS-I4-01DTFK7HTKNMDG8-GTE-P00005,Settled Early,08/17/26 08:04:52.824 PM EDT,$0.00
Over 4.5,MLB-TRUNS-I4-01DTFK7HTKNMDG8-GTE-P00045,Settled Early,08/17/26 08:04:53.309 PM EDT,$0.00
Over 3.5,MLB-TRUNS-I4-01DTFK7HTKNMDG8-GTE-P00035,Settled Early,08/17/26 08:04:53.614 PM EDT,$0.00
Over 0.5,MLB-TRUNS-I3-01DTFK68TKNMCJG-GTE-P00005,Settled Early,08/17/26 08:06:42.163 PM EDT,$1.00
Over 4.5,MLB-TRUNS-I1-01DTF04PTKNSV50-GTE-P00045,Settled Early,08/17/26 08:07:37.011 PM EDT,$0.00
Over 1.5,MLB-TRUNS-I6-01DTFK23TKNMC5G-GTE-P00015,Settled Early,08/17/26 08:08:35.831 PM EDT,$1.00
Over 4.5,MLB-TRUNS-FG-01DTFK23TKNMC5G-GTE-P00045,Settled Early,08/17/26 08:08:35.847 PM EDT,$1.00
Over 0.5,MLB-TRUNS-I3-01DTFK5DTKNMD00-GTE-P00005,Settled Early,08/17/26 08:09:31.285 PM EDT,$0.00
Over 1.5,MLB-TRUNS-I3-01DTFK5DTKNMD00-GTE-P00015,Settled Early,08/17/26 08:09:31.718 PM EDT,$0.00
Over 2.5,MLB-TRUNS-I3-01DTFK5DTKNMD00-GTE-P00025,Settled Early,08/17/26 08:09:32.016 PM EDT,$0.00
Over 3.5,MLB-TRUNS-I3-01DTFK5DTKNMD00-GTE-P00035,Settled Early,08/17/26 08:09:32.364 PM EDT,$0.00
Over 4.5,MLB-TRUNS-I3-01DTFK5DTKNMD00-GTE-P00045,Settled Early,08/17/26 08:09:32.695 PM EDT,$0.00
Over 3.5,MLB-TRUNS-I3-01DTFK03TKNMC0O-GTE-P00035,Settled Early,08/17/26 08:11:07.025 PM EDT,$0.00
Over 0.5,MLB-TRUNS-I3-01DTFK03TKNMC0O-GTE-P00005,Settled Early,08/17/26 08:11:07.330 PM EDT,$0.00
Over 1.5,MLB-TRUNS-I3-01DTFK03TKNMC0O-GTE-P00015,Settled Early,08/17/26 08:11:07.706 PM EDT,$0.00
Over 2.5,MLB-TRUNS-I3-01DTFK03TKNMC0O-GTE-P00025,Settled Early,08/17/26 08:11:08.044 PM EDT,$0.00
Over 4.5,MLB-TRUNS-I3-01DTFK03TKNMC0O-GTE-P00045,Settled Early,08/17/26 08:11:08.337 PM EDT,$0.00
Over 3.5,MLB-TRUNS-I3-01DTFK68TKNMCJG-GTE-P00035,Settled Early,08/17/26 08:12:12.027 PM EDT,$0.00
Over 1.5,MLB-TRUNS-I3-01DTFK68TKNMCJG-GTE-P00015,Settled Early,08/17/26 08:12:12.344 PM EDT,$0.00
Over 4.5,MLB-TRUNS-I3-01DTFK68TKNMCJG-GTE-P00045,Settled Early,08/17/26 08:12:12.651 PM EDT,$0.00
Over 2.5,MLB-TRUNS-I3-01DTFK68TKNMCJG-GTE-P00025,Settled Early,08/17/26 08:12:12.941 PM EDT,$0.00
Over 0.5,MLB-TRUNS-I1-01DTF05TTKNSV6G-GTE-P00005,Settled Early,08/17/26 08:12:31.106 PM EDT,$1.00
Over 1.5,MLB-TRUNS-I1-01DTF05TTKNSV6G-GTE-P00015,Settled Early,08/17/26 08:13:41.138 PM EDT,$1.00
Over 2.5,MLB-TRUNS-I6-01DTFK23TKNMC5G-GTE-P00025,Settled Early,08/17/26 08:14:45.779 PM EDT,$1.00
Over 5.5,MLB-TRUNS-FG-01DTFK23TKNMC5G-GTE-P00055,Settled Early,08/17/26 08:14:45.795 PM EDT,$1.00
Over 0.5,MLB-TRUNS-I5-01DTFK7HTKNMDG8-GTE-P00005,Settled Early,08/17/26 08:18:21.339 PM EDT,$0.00
PHI Phillies -0.5,MLB-MOVY-IT5-01DTFK7HTKNMDG8-PHES000-GTE-P00005,Settled Early,08/17/26 08:18:21.416 PM EDT,$1.00
Over 6.5,MLB-TRUNS-IT5-01DTFK7HTKNMDG8-GTE-P00065,Settled Early,08/17/26 08:18:21.558 PM EDT,$0.00
PHI Phillies,MLB-WIN-IT5-01DTFK7HTKNMDG8-PHES000,Settled Early,08/17/26 08:18:21.653 PM EDT,$1.00
MIA Marlins,MLB-WIN-IT5-01DTFK7HTKNMDG8-MINS001,Settled Early,08/17/26 08:18:22.404 PM EDT,$0.00
MIA Marlins -1.5,MLB-MOVY-IT5-01DTFK7HTKNMDG8-MINS001-GTE-P00015,Settled Early,08/17/26 08:18:22.430 PM EDT,$0.00
Over 3.5,MLB-TRUNS-IT5-01DTFK7HTKNMDG8-GTE-P00035,Settled Early,08/17/26 08:18:22.622 PM EDT,$0.00
Over 4.5,MLB-TRUNS-I5-01DTFK7HTKNMDG8-GTE-P00045,Settled Early,08/17/26 08:18:22.841 PM EDT,$0.00
PHI Phillies -3.5,MLB-MOVY-IT5-01DTFK7HTKNMDG8-PHES000-GTE-P00035,Settled Early,08/17/26 08:18:22.996 PM EDT,$0.00
Over 1.5,MLB-TRUNS-IT5-01DTFK7HTKNMDG8-GTE-P00015,Settled Early,08/17/26 08:18:23.334 PM EDT,$1.00
Over 2.5,MLB-TRUNS-I5-01DTFK7HTKNMDG8-GTE-P00025,Settled Early,08/17/26 08:18:23.356 PM EDT,$0.00
PHI Phillies -2.5,MLB-MOVY-IT5-01DTFK7HTKNMDG8-PHES000-GTE-P00025,Settled Early,08/17/26 08:18:23.460 PM EDT,$0.00
Over 0.5,MLB-TRUNS-IT5-01DTFK7HTKNMDG8-GTE-P00005,Settled Early,08/17/26 08:18:23.820 PM EDT,$1.00
MIA Marlins -3.5,MLB-MOVY-IT5-01DTFK7HTKNMDG8-MINS001-GTE-P00035,Settled Early,08/17/26 08:18:23.970 PM EDT,$0.00
Over 1.5,MLB-TRUNS-I5-01DTFK7HTKNMDG8-GTE-P00015,Settled Early,08/17/26 08:18:23.994 PM EDT,$0.00
Over 5.5,MLB-TRUNS-IT5-01DTFK7HTKNMDG8-GTE-P00055,Settled Early,08/17/26 08:18:24.171 PM EDT,$0.00
MIA Marlins -2.5,MLB-MOVY-IT5-01DTFK7HTKNMDG8-MINS001-GTE-P00025,Settled Early,08/17/26 08:18:24.316 PM EDT,$0.00
Over 3.5,MLB-TRUNS-I5-01DTFK7HTKNMDG8-GTE-P00035,Settled Early,08/17/26 08:18:24.453 PM EDT,$0.00
Over 2.5,MLB-TRUNS-IT5-01DTFK7HTKNMDG8-GTE-P00025,Settled Early,08/17/26 08:18:24.636 PM EDT,$0.00
MIA Marlins -0.5,MLB-MOVY-IT5-01DTFK7HTKNMDG8-MINS001-GTE-P00005,Settled Early,08/17/26 08:18:24.833 PM EDT,$0.00
MIA Marlins -4.5,MLB-MOVY-IT5-01DTFK7HTKNMDG8-MINS001-GTE-P00045,Settled Early,08/17/26 08:18:25.196 PM EDT,$0.00
Over 4.5,MLB-TRUNS-IT5-01DTFK7HTKNMDG8-GTE-P00045,Settled Early,08/17/26 08:18:25.212 PM EDT,$0.00
PHI Phillies -1.5,MLB-MOVY-IT5-01DTFK7HTKNMDG8-PHES000-GTE-P00015,Settled Early,08/17/26 08:18:25.674 PM EDT,$1.00
Over 7.5,MLB-TRUNS-IT5-01DTFK7HTKNMDG8-GTE-P00075,Settled Early,08/17/26 08:18:25.961 PM EDT,$0.00
PHI Phillies -4.5,MLB-MOVY-IT5-01DTFK7HTKNMDG8-PHES000-GTE-P00045,Settled Early,08/17/26 08:18:26.098 PM EDT,$0.00
Over 8.5,MLB-TRUNS-IT5-01DTFK7HTKNMDG8-GTE-P00085,Settled Early,08/17/26 08:18:26.353 PM EDT,$0.00
Over 9.5,MLB-TRUNS-IT5-01DTFK7HTKNMDG8-GTE-P00095,Settled Early,08/17/26 08:18:26.690 PM EDT,$0.00
Over 10.5,MLB-TRUNS-IT5-01DTFK7HTKNMDG8-GTE-P00105,Settled Early,08/17/26 08:18:27.060 PM EDT,$0.00
Over 6.5,MLB-TRUNS-FG-01DTFK23TKNMC5G-GTE-P00065,Settled Early,08/17/26 08:18:55.876 PM EDT,$1.00
Over 3.5,MLB-TRUNS-I6-01DTFK23TKNMC5G-GTE-P00035,Settled Early,08/17/26 08:18:55.910 PM EDT,$1.00
Over 4.5,MLB-TRUNS-I6-01DTFK23TKNMC5G-GTE-P00045,Settled Early,08/17/26 08:18:56.266 PM EDT,$1.00
Over 7.5,MLB-TRUNS-FG-01DTFK23TKNMC5G-GTE-P00075,Settled Early,08/17/26 08:18:56.422 PM EDT,$1.00
Over 10.5,MLB-TRUNS-FG-01DTFK4GTKNMCIO-GTE-P00105,Settled Early,08/17/26 08:19:48.530 PM EDT,$1.00
Over 0.5,MLB-TRUNS-I7-01DTFK4GTKNMCIO-GTE-P00005,Settled Early,08/17/26 08:19:48.539 PM EDT,$1.00
Over 4.5,MLB-TRUNS-FG-01DTF04PTKNSV50-GTE-P00045,Settled Early,08/17/26 08:22:17.114 PM EDT,$1.00
Over 0.5,MLB-TRUNS-I2-01DTF04PTKNSV50-GTE-P00005,Settled Early,08/17/26 08:22:17.136 PM EDT,$1.00
Over 1.5,MLB-TRUNS-I2-01DTF04PTKNSV50-GTE-P00015,Settled Early,08/17/26 08:22:17.582 PM EDT,$1.00
Over 5.5,MLB-TRUNS-FG-01DTF04PTKNSV50-GTE-P00055,Settled Early,08/17/26 08:22:17.614 PM EDT,$1.00
Over 4.5,MLB-TRUNS-I1-01DTF05TTKNSV6G-GTE-P00045,Settled Early,08/17/26 08:22:51.130 PM EDT,$0.00
Over 3.5,MLB-TRUNS-I1-01DTF05TTKNSV6G-GTE-P00035,Settled Early,08/17/26 08:22:51.508 PM EDT,$0.00
Over 2.5,MLB-TRUNS-I1-01DTF05TTKNSV6G-GTE-P00025,Settled Early,08/17/26 08:22:51.931 PM EDT,$0.00
Over 4.5,MLB-TRUNS-I4-01DTFK03TKNMC0O-GTE-P00045,Settled Early,08/17/26 08:22:57.703 PM EDT,$0.00
Over 3.5,MLB-TRUNS-I4-01DTFK03TKNMC0O-GTE-P00035,Settled Early,08/17/26 08:22:57.997 PM EDT,$0.00
Over 1.5,MLB-TRUNS-I4-01DTFK03TKNMC0O-GTE-P00015,Settled Early,08/17/26 08:22:58.265 PM EDT,$0.00
Over 0.5,MLB-TRUNS-I4-01DTFK03TKNMC0O-GTE-P00005,Settled Early,08/17/26 08:22:58.580 PM EDT,$0.00
Over 2.5,MLB-TRUNS-I4-01DTFK03TKNMC0O-GTE-P00025,Settled Early,08/17/26 08:22:58.906 PM EDT,$0.00
Over 0.5,MLB-TRUNS-I6-01DTFK7HTKNMDG8-GTE-P00005,Settled Early,08/17/26 08:24:50.786 PM EDT,$1.00
Over 2.5,MLB-TRUNS-I7-01DTFK4GTKNMCIO-GTE-P00025,Settled Early,08/17/26 08:25:38.641 PM EDT,$1.00
Over 12.5,MLB-TRUNS-FG-01DTFK4GTKNMCIO-GTE-P00125,Settled Early,08/17/26 08:25:38.667 PM EDT,$1.00
Over 1.5,MLB-TRUNS-I7-01DTFK4GTKNMCIO-GTE-P00015,Settled Early,08/17/26 08:25:39.125 PM EDT,$1.00
Over 11.5,MLB-TRUNS-FG-01DTFK4GTKNMCIO-GTE-P00115,Settled Early,08/17/26 08:25:39.183 PM EDT,$1.00
Over 0.5,MLB-TRUNS-I4-01DTFK5DTKNMD00-GTE-P00005,Settled Early,08/17/26 08:26:41.338 PM EDT,$0.00
Over 2.5,MLB-TRUNS-I4-01DTFK5DTKNMD00-GTE-P00025,Settled Early,08/17/26 08:26:42.030 PM EDT,$0.00
Over 4.5,MLB-TRUNS-I4-01DTFK5DTKNMD00-GTE-P00045,Settled Early,08/17/26 08:26:42.785 PM EDT,$0.00
Over 1.5,MLB-TRUNS-I4-01DTFK5DTKNMD00-GTE-P00015,Settled Early,08/17/26 08:26:43.096 PM EDT,$0.00
Over 3.5,MLB-TRUNS-I4-01DTFK5DTKNMD00-GTE-P00035,Settled Early,08/17/26 08:26:43.467 PM EDT,$0.00
Over 0.5,MLB-TRUNS-I4-01DTFK68TKNMCJG-GTE-P00005,Settled Early,08/17/26 08:29:32.139 PM EDT,$1.00
Over 3.5,MLB-TRUNS-FG-01DTFK68TKNMCJG-GTE-P00035,Settled Early,08/17/26 08:29:32.156 PM EDT,$1.00
Over 4.5,MLB-TRUNS-I2-01DTF04PTKNSV50-GTE-P00045,Settled Early,08/17/26 08:30:27.102 PM EDT,$0.00
Over 3.5,MLB-TRUNS-I2-01DTF04PTKNSV50-GTE-P00035,Settled Early,08/17/26 08:30:27.437 PM EDT,$0.00
Over 2.5,MLB-TRUNS-I2-01DTF04PTKNSV50-GTE-P00025,Settled Early,08/17/26 08:30:27.734 PM EDT,$0.00
Over 3.5,MLB-TRUNS-I7-01DTFK4GTKNMCIO-GTE-P00035,Settled Early,08/17/26 08:32:28.487 PM EDT,$0.00
Over 4.5,MLB-TRUNS-I7-01DTFK4GTKNMCIO-GTE-P00045,Settled Early,08/17/26 08:32:28.918 PM EDT,$0.00
Over 2.5,MLB-TRUNS-I4-01DTFK68TKNMCJG-GTE-P00025,Settled Early,08/17/26 08:34:12.029 PM EDT,$0.00
Over 3.5,MLB-TRUNS-I4-01DTFK68TKNMCJG-GTE-P00035,Settled Early,08/17/26 08:34:12.501 PM EDT,$0.00
Over 4.5,MLB-TRUNS-I4-01DTFK68TKNMCJG-GTE-P00045,Settled Early,08/17/26 08:34:13.135 PM EDT,$0.00
Over 1.5,MLB-TRUNS-I4-01DTFK68TKNMCJG-GTE-P00015,Settled Early,08/17/26 08:34:13.576 PM EDT,$0.00
Over 0.5,MLB-TRUNS-I5-01DTFK5DTKNMD00-GTE-P00005,Settled Early,08/17/26 08:36:01.319 PM EDT,$1.00
Over 4.5,MLB-TRUNS-FG-01DTFK5DTKNMD00-GTE-P00045,Settled Early,08/17/26 08:36:01.332 PM EDT,$1.00
Over 1.5,MLB-TRUNS-I6-01DTFK7HTKNMDG8-GTE-P00015,Settled Early,08/17/26 08:37:31.622 PM EDT,$1.00
Over 3.5,MLB-TRUNS-FG-01DTFK7HTKNMDG8-GTE-P00035,Settled Early,08/17/26 08:37:31.637 PM EDT,$1.00
Over 1.5,MLB-TRUNS-I2-01DTF05TTKNSV6G-GTE-P00015,Settled Early,08/17/26 08:38:31.147 PM EDT,$0.00
Over 0.5,MLB-TRUNS-I2-01DTF05TTKNSV6G-GTE-P00005,Settled Early,08/17/26 08:38:31.507 PM EDT,$0.00
Over 3.5,MLB-TRUNS-I2-01DTF05TTKNSV6G-GTE-P00035,Settled Early,08/17/26 08:38:31.954 PM EDT,$0.00
Over 2.5,MLB-TRUNS-I2-01DTF05TTKNSV6G-GTE-P00025,Settled Early,08/17/26 08:38:32.251 PM EDT,$0.00
Over 4.5,MLB-TRUNS-I2-01DTF05TTKNSV6G-GTE-P00045,Settled Early,08/17/26 08:38:32.530 PM EDT,$0.00
Over 2.5,MLB-TRUNS-I6-01DTFK7HTKNMDG8-GTE-P00025,Settled Early,08/17/26 08:39:01.601 PM EDT,$1.00
Over 4.5,MLB-TRUNS-FG-01DTFK7HTKNMDG8-GTE-P00045,Settled Early,08/17/26 08:39:01.617 PM EDT,$1.00
Over 0.5,MLB-TRUNS-I5-01DTFK03TKNMC0O-GTE-P00005,Settled Early,08/17/26 08:39:27.230 PM EDT,$0.00
Over 2.5,MLB-TRUNS-IT5-01DTFK03TKNMC0O-GTE-P00025,Settled Early,08/17/26 08:39:27.295 PM EDT,$1.00
SD Padres -3.5,MLB-MOVY-IT5-01DTFK03TKNMC0O-SDES000-GTE-P00035,Settled Early,08/17/26 08:39:27.385 PM EDT,$0.00
NY Mets,MLB-WIN-IT5-01DTFK03TKNMC0O-NYTS000,Settled Early,08/17/26 08:39:27.441 PM EDT,$1.00
Over 4.5,MLB-TRUNS-I5-01DTFK03TKNMC0O-GTE-P00045,Settled Early,08/17/26 08:39:27.596 PM EDT,$0.00
Over 0.5,MLB-TRUNS-IT5-01DTFK03TKNMC0O-GTE-P00005,Settled Early,08/17/26 08:39:27.741 PM EDT,$1.00
SD Padres -2.5,MLB-MOVY-IT5-01DTFK03TKNMC0O-SDES000-GTE-P00025,Settled Early,08/17/26 08:39:27.893 PM EDT,$0.00
Over 2.5,MLB-TRUNS-I5-01DTFK03TKNMC0O-GTE-P00025,Settled Early,08/17/26 08:39:28.003 PM EDT,$0.00
Over 3.5,MLB-TRUNS-IT5-01DTFK03TKNMC0O-GTE-P00035,Settled Early,08/17/26 08:39:28.103 PM EDT,$0.00
SD Padres,MLB-WIN-IT5-01DTFK03TKNMC0O-SDES000,Settled Early,08/17/26 08:39:28.127 PM EDT,$0.00
SD Padres -0.5,MLB-MOVY-IT5-01DTFK03TKNMC0O-SDES000-GTE-P00005,Settled Early,08/17/26 08:39:28.207 PM EDT,$0.00
Over 1.5,MLB-TRUNS-I5-01DTFK03TKNMC0O-GTE-P00015,Settled Early,08/17/26 08:39:28.299 PM EDT,$0.00
Over 1.5,MLB-TRUNS-IT5-01DTFK03TKNMC0O-GTE-P00015,Settled Early,08/17/26 08:39:28.476 PM EDT,$1.00
SD Padres -1.5,MLB-MOVY-IT5-01DTFK03TKNMC0O-SDES000-GTE-P00015,Settled Early,08/17/26 08:39:28.512 PM EDT,$0.00
Over 3.5,MLB-TRUNS-I5-01DTFK03TKNMC0O-GTE-P00035,Settled Early,08/17/26 08:39:28.604 PM EDT,$0.00
SD Padres -4.5,MLB-MOVY-IT5-01DTFK03TKNMC0O-SDES000-GTE-P00045,Settled Early,08/17/26 08:39:28.820 PM EDT,$0.00
Over 6.5,MLB-TRUNS-IT5-01DTFK03TKNMC0O-GTE-P00065,Settled Early,08/17/26 08:39:28.820 PM EDT,$0.00
NY Mets -1.5,MLB-MOVY-IT5-01DTFK03TKNMC0O-NYTS000-GTE-P00015,Settled Early,08/17/26 08:39:29.138 PM EDT,$0.00
Over 9.5,MLB-TRUNS-IT5-01DTFK03TKNMC0O-GTE-P00095,Settled Early,08/17/26 08:39:29.229 PM EDT,$0.00
NY Mets -0.5,MLB-MOVY-IT5-01DTFK03TKNMC0O-NYTS000-GTE-P00005,Settled Early,08/17/26 08:39:29.516 PM EDT,$1.00
Over 5.5,MLB-TRUNS-IT5-01DTFK03TKNMC0O-GTE-P00055,Settled Early,08/17/26 08:39:29.545 PM EDT,$0.00
NY Mets -4.5,MLB-MOVY-IT5-01DTFK03TKNMC0O-NYTS000-GTE-P00045,Settled Early,08/17/26 08:39:29.944 PM EDT,$0.00
Over 7.5,MLB-TRUNS-IT5-01DTFK03TKNMC0O-GTE-P00075,Settled Early,08/17/26 08:39:30.022 PM EDT,$0.00
NY Mets -2.5,MLB-MOVY-IT5-01DTFK03TKNMC0O-NYTS000-GTE-P00025,Settled Early,08/17/26 08:39:30.251 PM EDT,$0.00
Over 4.5,MLB-TRUNS-IT5-01DTFK03TKNMC0O-GTE-P00045,Settled Early,08/17/26 08:39:30.295 PM EDT,$0.00
NY Mets -3.5,MLB-MOVY-IT5-01DTFK03TKNMC0O-NYTS000-GTE-P00035,Settled Early,08/17/26 08:39:30.576 PM EDT,$0.00
Over 10.5,MLB-TRUNS-IT5-01DTFK03TKNMC0O-GTE-P00105,Settled Early,08/17/26 08:39:31.013 PM EDT,$0.00
Over 8.5,MLB-TRUNS-IT5-01DTFK03TKNMC0O-GTE-P00085,Settled Early,08/17/26 08:39:31.299 PM EDT,$0.00
Over 0.5,MLB-TRUNS-I5-01DTFK68TKNMCJG-GTE-P00005,Settled Early,08/17/26 08:41:42.183 PM EDT,$1.00
Over 4.5,MLB-TRUNS-FG-01DTFK68TKNMCJG-GTE-P00045,Settled Early,08/17/26 08:41:42.197 PM EDT,$1.00
Over 0.5,MLB-TRUNS-I7-01DTFK23TKNMC5G-GTE-P00005,Settled Early,08/17/26 08:42:05.785 PM EDT,$0.00
Over 3.5,MLB-TRUNS-I7-01DTFK23TKNMC5G-GTE-P00035,Settled Early,08/17/26 08:42:06.157 PM EDT,$0.00
Over 4.5,MLB-TRUNS-I7-01DTFK23TKNMC5G-GTE-P00045,Settled Early,08/17/26 08:42:06.455 PM EDT,$0.00
Over 2.5,MLB-TRUNS-I7-01DTFK23TKNMC5G-GTE-P00025,Settled Early,08/17/26 08:42:06.764 PM EDT,$0.00
Over 1.5,MLB-TRUNS-I7-01DTFK23TKNMC5G-GTE-P00015,Settled Early,08/17/26 08:42:07.054 PM EDT,$0.00
Over 3.5,MLB-TRUNS-I6-01DTFK7HTKNMDG8-GTE-P00035,Settled Early,08/17/26 08:45:01.076 PM EDT,$0.00
Over 4.5,MLB-TRUNS-I6-01DTFK7HTKNMDG8-GTE-P00045,Settled Early,08/17/26 08:45:01.468 PM EDT,$0.00
Over 5.5,MLB-TRUNS-FG-01DTFK5DTKNMD00-GTE-P00055,Settled Early,08/17/26 08:46:01.614 PM EDT,$1.00
Over 1.5,MLB-TRUNS-I5-01DTFK5DTKNMD00-GTE-P00015,Settled Early,08/17/26 08:46:01.631 PM EDT,$1.00
Over 1.5,MLB-TRUNS-I5-01DTFK68TKNMCJG-GTE-P00015,Settled Early,08/17/26 08:46:52.027 PM EDT,$1.00
Over 5.5,MLB-TRUNS-FG-01DTFK68TKNMCJG-GTE-P00055,Settled Early,08/17/26 08:46:52.045 PM EDT,$1.00
Over 2.5,MLB-TRUNS-I5-01DTFK68TKNMCJG-GTE-P00025,Settled Early,08/17/26 08:47:42.281 PM EDT,$1.00
Over 6.5,MLB-TRUNS-FG-01DTFK68TKNMCJG-GTE-P00065,Settled Early,08/17/26 08:47:42.293 PM EDT,$1.00
Over 0.5,MLB-TRUNS-I8-01DTFK23TKNMC5G-GTE-P00005,Settled Early,08/17/26 08:50:25.980 PM EDT,$1.00
Over 8.5,MLB-TRUNS-FG-01DTFK23TKNMC5G-GTE-P00085,Settled Early,08/17/26 08:50:25.998 PM EDT,$1.00
Over 2.5,MLB-TRUNS-I6-01DTFK03TKNMC0O-GTE-P00025,Settled Early,08/17/26 08:51:17.938 PM EDT,$0.00
Over 4.5,MLB-TRUNS-I6-01DTFK03TKNMC0O-GTE-P00045,Settled Early,08/17/26 08:51:18.275 PM EDT,$0.00
Over 1.5,MLB-TRUNS-I6-01DTFK03TKNMC0O-GTE-P00015,Settled Early,08/17/26 08:51:18.571 PM EDT,$0.00
Over 3.5,MLB-TRUNS-I6-01DTFK03TKNMC0O-GTE-P00035,Settled Early,08/17/26 08:51:18.885 PM EDT,$0.00
Over 0.5,MLB-TRUNS-I6-01DTFK03TKNMC0O-GTE-P00005,Settled Early,08/17/26 08:51:19.185 PM EDT,$0.00
Over 0.5,MLB-TRUNS-IT5-01DTFK68TKNMCJG-GTE-P00005,Settled Early,08/17/26 08:51:22.270 PM EDT,$1.00
Over 3.5,MLB-TRUNS-I5-01DTFK68TKNMCJG-GTE-P00035,Settled Early,08/17/26 08:51:22.328 PM EDT,$0.00
ARI Diamondbacks,MLB-WIN-IT5-01DTFK68TKNMCJG-ARKS000,Settled Early,08/17/26 08:51:22.356 PM EDT,$0.00
ARI Diamondbacks -3.5,MLB-MOVY-IT5-01DTFK68TKNMCJG-ARKS000-GTE-P00035,Settled Early,08/17/26 08:51:22.395 PM EDT,$0.00
Over 5.5,MLB-TRUNS-IT5-01DTFK68TKNMCJG-GTE-P00055,Settled Early,08/17/26 08:51:22.662 PM EDT,$1.00
Over 4.5,MLB-TRUNS-I5-01DTFK68TKNMCJG-GTE-P00045,Settled Early,08/17/26 08:51:22.714 PM EDT,$0.00
ARI Diamondbacks -0.5,MLB-MOVY-IT5-01DTFK68TKNMCJG-ARKS000-GTE-P00005,Settled Early,08/17/26 08:51:22.827 PM EDT,$0.00
BOS Red Sox,MLB-WIN-IT5-01DTFK68TKNMCJG-BOOX000,Settled Early,08/17/26 08:51:23.251 PM EDT,$1.00
Over 9.5,MLB-TRUNS-IT5-01DTFK68TKNMCJG-GTE-P00095,Settled Early,08/17/26 08:51:23.256 PM EDT,$0.00
BOS Red Sox -2.5,MLB-MOVY-IT5-01DTFK68TKNMCJG-BOOX000-GTE-P00025,Settled Early,08/17/26 08:51:23.340 PM EDT,$1.00
Over 4.5,MLB-TRUNS-IT5-01DTFK68TKNMCJG-GTE-P00045,Settled Early,08/17/26 08:51:23.650 PM EDT,$1.00
BOS Red Sox -0.5,MLB-MOVY-IT5-01DTFK68TKNMCJG-BOOX000-GTE-P00005,Settled Early,08/17/26 08:51:23.851 PM EDT,$1.00
Over 7.5,MLB-TRUNS-IT5-01DTFK68TKNMCJG-GTE-P00075,Settled Early,08/17/26 08:51:24.078 PM EDT,$0.00
ARI Diamondbacks -4.5,MLB-MOVY-IT5-01DTFK68TKNMCJG-ARKS000-GTE-P00045,Settled Early,08/17/26 08:51:24.220 PM EDT,$0.00
Over 6.5,MLB-TRUNS-IT5-01DTFK68TKNMCJG-GTE-P00065,Settled Early,08/17/26 08:51:24.487 PM EDT,$1.00
BOS Red Sox -1.5,MLB-MOVY-IT5-01DTFK68TKNMCJG-BOOX000-GTE-P00015,Settled Early,08/17/26 08:51:24.659 PM EDT,$1.00
Over 2.5,MLB-TRUNS-IT5-01DTFK68TKNMCJG-GTE-P00025,Settled Early,08/17/26 08:51:24.850 PM EDT,$1.00
ARI Diamondbacks -2.5,MLB-MOVY-IT5-01DTFK68TKNMCJG-ARKS000-GTE-P00025,Settled Early,08/17/26 08:51:24.973 PM EDT,$0.00
Over 3.5,MLB-TRUNS-IT5-01DTFK68TKNMCJG-GTE-P00035,Settled Early,08/17/26 08:51:25.267 PM EDT,$1.00
BOS Red Sox -3.5,MLB-MOVY-IT5-01DTFK68TKNMCJG-BOOX000-GTE-P00035,Settled Early,08/17/26 08:51:25.287 PM EDT,$1.00
ARI Diamondbacks -1.5,MLB-MOVY-IT5-01DTFK68TKNMCJG-ARKS000-GTE-P00015,Settled Early,08/17/26 08:51:25.681 PM EDT,$0.00
Over 8.5,MLB-TRUNS-IT5-01DTFK68TKNMCJG-GTE-P00085,Settled Early,08/17/26 08:51:25.781 PM EDT,$0.00
BOS Red Sox -4.5,MLB-MOVY-IT5-01DTFK68TKNMCJG-BOOX000-GTE-P00045,Settled Early,08/17/26 08:51:26.082 PM EDT,$1.00
Over 1.5,MLB-TRUNS-IT5-01DTFK68TKNMCJG-GTE-P00015,Settled Early,08/17/26 08:51:26.122 PM EDT,$1.00
Over 10.5,MLB-TRUNS-IT5-01DTFK68TKNMCJG-GTE-P00105,Settled Early,08/17/26 08:51:26.457 PM EDT,$0.00
Over 4.5,MLB-TRUNS-I5-01DTFK5DTKNMD00-GTE-P00045,Settled Early,08/17/26 08:52:31.701 PM EDT,$0.00
Over 0.5,MLB-TRUNS-IT5-01DTFK5DTKNMD00-GTE-P00005,Settled Early,08/17/26 08:52:31.770 PM EDT,$1.00
DET Tigers,MLB-WIN-IT5-01DTFK5DTKNMD00-DERS000,Settled Early,08/17/26 08:52:31.806 PM EDT,$1.00
DET Tigers -2.5,MLB-MOVY-IT5-01DTFK5DTKNMD00-DERS000-GTE-P00025,Settled Early,08/17/26 08:52:31.840 PM EDT,$1.00
Over 2.5,MLB-TRUNS-I5-01DTFK5DTKNMD00-GTE-P00025,Settled Early,08/17/26 08:52:32.005 PM EDT,$0.00
Over 3.5,MLB-TRUNS-IT5-01DTFK5DTKNMD00-GTE-P00035,Settled Early,08/17/26 08:52:32.093 PM EDT,$1.00
DET Tigers -1.5,MLB-MOVY-IT5-01DTFK5DTKNMD00-DERS000-GTE-P00015,Settled Early,08/17/26 08:52:32.386 PM EDT,$1.00
PIT Pirates,MLB-WIN-IT5-01DTFK5DTKNMD00-PIES000,Settled Early,08/17/26 08:52:32.435 PM EDT,$0.00
Over 1.5,MLB-TRUNS-IT5-01DTFK5DTKNMD00-GTE-P00015,Settled Early,08/17/26 08:52:32.469 PM EDT,$1.00
Over 3.5,MLB-TRUNS-I5-01DTFK5DTKNMD00-GTE-P00035,Settled Early,08/17/26 08:52:32.619 PM EDT,$0.00
Over 2.5,MLB-TRUNS-IT5-01DTFK5DTKNMD00-GTE-P00025,Settled Early,08/17/26 08:52:32.750 PM EDT,$1.00
DET Tigers -0.5,MLB-MOVY-IT5-01DTFK5DTKNMD00-DERS000-GTE-P00005,Settled Early,08/17/26 08:52:32.864 PM EDT,$1.00
Over 9.5,MLB-TRUNS-IT5-01DTFK5DTKNMD00-GTE-P00095,Settled Early,08/17/26 08:52:33.082 PM EDT,$0.00
PIT Pirates -1.5,MLB-MOVY-IT5-01DTFK5DTKNMD00-PIES000-GTE-P00015,Settled Early,08/17/26 08:52:33.269 PM EDT,$0.00
Over 4.5,MLB-TRUNS-IT5-01DTFK5DTKNMD00-GTE-P00045,Settled Early,08/17/26 08:52:33.380 PM EDT,$1.00
PIT Pirates -2.5,MLB-MOVY-IT5-01DTFK5DTKNMD00-PIES000-GTE-P00025,Settled Early,08/17/26 08:52:33.590 PM EDT,$0.00
Over 7.5,MLB-TRUNS-IT5-01DTFK5DTKNMD00-GTE-P00075,Settled Early,08/17/26 08:52:33.866 PM EDT,$0.00
DET Tigers -3.5,MLB-MOVY-IT5-01DTFK5DTKNMD00-DERS000-GTE-P00035,Settled Early,08/17/26 08:52:33.977 PM EDT,$1.00
DET Tigers -4.5,MLB-MOVY-IT5-01DTFK5DTKNMD00-DERS000-GTE-P00045,Settled Early,08/17/26 08:52:34.564 PM EDT,$0.00
Over 5.5,MLB-TRUNS-IT5-01DTFK5DTKNMD00-GTE-P00055,Settled Early,08/17/26 08:52:34.765 PM EDT,$1.00
PIT Pirates -4.5,MLB-MOVY-IT5-01DTFK5DTKNMD00-PIES000-GTE-P00045,Settled Early,08/17/26 08:52:34.930 PM EDT,$0.00
PIT Pirates -3.5,MLB-MOVY-IT5-01DTFK5DTKNMD00-PIES000-GTE-P00035,Settled Early,08/17/26 08:52:35.265 PM EDT,$0.00
Over 10.5,MLB-TRUNS-IT5-01DTFK5DTKNMD00-GTE-P00105,Settled Early,08/17/26 08:52:35.415 PM EDT,$0.00
PIT Pirates -0.5,MLB-MOVY-IT5-01DTFK5DTKNMD00-PIES000-GTE-P00005,Settled Early,08/17/26 08:52:35.617 PM EDT,$0.00
Over 6.5,MLB-TRUNS-IT5-01DTFK5DTKNMD00-GTE-P00065,Settled Early,08/17/26 08:52:35.707 PM EDT,$0.00
Over 8.5,MLB-TRUNS-IT5-01DTFK5DTKNMD00-GTE-P00085,Settled Early,08/17/26 08:52:36.115 PM EDT,$0.00
Over 0.5,MLB-TRUNS-I3-01DTF04PTKNSV50-GTE-P00005,Settled Early,08/17/26 08:53:47.056 PM EDT,$1.00
Over 6.5,MLB-TRUNS-FG-01DTF04PTKNSV50-GTE-P00065,Settled Early,08/17/26 08:53:47.070 PM EDT,$1.00
Over 1.5,MLB-TRUNS-I1-01DTF01MTKNSV9O-GTE-P00015,Settled Early,08/17/26 08:55:02.112 PM EDT,$1.00
Over 0.5,MLB-TRUNS-I1-01DTF01MTKNSV9O-GTE-P00005,Settled Early,08/17/26 08:55:02.653 PM EDT,$1.00
Over 2.5,MLB-TRUNS-I1-01DTF03JTKNSUP8-GTE-P00025,Settled Early,08/17/26 08:55:32.572 PM EDT,$0.00
Over 1.5,MLB-TRUNS-I1-01DTF03JTKNSUP8-GTE-P00015,Settled Early,08/17/26 08:55:33.008 PM EDT,$0.00
Over 4.5,MLB-TRUNS-I1-01DTF03JTKNSUP8-GTE-P00045,Settled Early,08/17/26 08:55:33.501 PM EDT,$0.00
Over 0.5,MLB-TRUNS-I1-01DTF03JTKNSUP8-GTE-P00005,Settled Early,08/17/26 08:55:33.851 PM EDT,$0.00
Over 3.5,MLB-TRUNS-I1-01DTF03JTKNSUP8-GTE-P00035,Settled Early,08/17/26 08:55:34.390 PM EDT,$0.00
Over 2.5,MLB-TRUNS-I1-01DTF01MTKNSV9O-GTE-P00025,Settled Early,08/17/26 08:55:52.056 PM EDT,$1.00
Over 2.5,MLB-TRUNS-I3-01DTF05TTKNSV6G-GTE-P00025,Settled Early,08/17/26 08:56:41.136 PM EDT,$0.00
Over 4.5,MLB-TRUNS-I3-01DTF05TTKNSV6G-GTE-P00045,Settled Early,08/17/26 08:56:41.450 PM EDT,$0.00
Over 0.5,MLB-TRUNS-I3-01DTF05TTKNSV6G-GTE-P00005,Settled Early,08/17/26 08:56:41.779 PM EDT,$0.00
Over 3.5,MLB-TRUNS-FG-01DTF01MTKNSV9O-GTE-P00035,Settled Early,08/17/26 08:56:42.061 PM EDT,$1.00
Over 3.5,MLB-TRUNS-I1-01DTF01MTKNSV9O-GTE-P00035,Settled Early,08/17/26 08:56:42.078 PM EDT,$1.00
Over 3.5,MLB-TRUNS-I3-01DTF05TTKNSV6G-GTE-P00035,Settled Early,08/17/26 08:56:42.214 PM EDT,$0.00
Over 1.5,MLB-TRUNS-I3-01DTF05TTKNSV6G-GTE-P00015,Settled Early,08/17/26 08:56:42.565 PM EDT,$0.00
Over 1.5,MLB-TRUNS-I8-01DTFK4GTKNMCIO-GTE-P00015,Settled Early,08/17/26 08:58:28.582 PM EDT,$0.00
Over 0.5,MLB-TRUNS-I8-01DTFK4GTKNMCIO-GTE-P00005,Settled Early,08/17/26 08:58:29.243 PM EDT,$0.00
Over 4.5,MLB-TRUNS-I8-01DTFK4GTKNMCIO-GTE-P00045,Settled Early,08/17/26 08:58:29.999 PM EDT,$0.00
Over 3.5,MLB-TRUNS-I8-01DTFK4GTKNMCIO-GTE-P00035,Settled Early,08/17/26 08:58:30.529 PM EDT,$0.00
Over 2.5,MLB-TRUNS-I8-01DTFK4GTKNMCIO-GTE-P00025,Settled Early,08/17/26 08:58:30.861 PM EDT,$0.00
Over 0.5,MLB-TRUNS-I2-01DTF03JTKNSUP8-GTE-P00005,Settled Early,08/17/26 08:58:32.509 PM EDT,$1.00
Over 3.5,MLB-TRUNS-I3-01DTF04PTKNSV50-GTE-P00035,Settled Early,08/17/26 09:00:47.092 PM EDT,$0.00
Over 1.5,MLB-TRUNS-I3-01DTF04PTKNSV50-GTE-P00015,Settled Early,08/17/26 09:00:47.463 PM EDT,$0.00
Over 4.5,MLB-TRUNS-I3-01DTF04PTKNSV50-GTE-P00045,Settled Early,08/17/26 09:00:47.874 PM EDT,$0.00
Over 2.5,MLB-TRUNS-I3-01DTF04PTKNSV50-GTE-P00025,Settled Early,08/17/26 09:00:48.163 PM EDT,$0.00
Over 0.5,MLB-TRUNS-I4-01DTF05TTKNSV6G-GTE-P00005,Settled Early,08/17/26 09:00:51.386 PM EDT,$1.00
Over 3.5,MLB-TRUNS-FG-01DTF05TTKNSV6G-GTE-P00035,Settled Early,08/17/26 09:00:51.415 PM EDT,$1.00
Over 1.5,MLB-TRUNS-I4-01DTF05TTKNSV6G-GTE-P00015,Settled Early,08/17/26 09:00:51.762 PM EDT,$1.00
Over 4.5,MLB-TRUNS-FG-01DTF05TTKNSV6G-GTE-P00045,Settled Early,08/17/26 09:00:51.790 PM EDT,$1.00
Over 2.5,MLB-TRUNS-I4-01DTF05TTKNSV6G-GTE-P00025,Settled Early,08/17/26 09:00:52.123 PM EDT,$1.00
Over 6.5,MLB-TRUNS-FG-01DTFK7HTKNMDG8-GTE-P00065,Settled Early,08/17/26 09:02:20.818 PM EDT,$1.00
Over 1.5,MLB-TRUNS-I7-01DTFK7HTKNMDG8-GTE-P00015,Settled Early,08/17/26 09:02:20.840 PM EDT,$1.00
Over 0.5,MLB-TRUNS-I7-01DTFK7HTKNMDG8-GTE-P00005,Settled Early,08/17/26 09:02:21.564 PM EDT,$1.00
Over 5.5,MLB-TRUNS-FG-01DTFK7HTKNMDG8-GTE-P00055,Settled Early,08/17/26 09:02:21.761 PM EDT,$1.00
Over 7.5,MLB-TRUNS-FG-01DTFK68TKNMCJG-GTE-P00075,Settled Early,08/17/26 09:02:21.997 PM EDT,$1.00
Over 0.5,MLB-TRUNS-I6-01DTFK68TKNMCJG-GTE-P00005,Settled Early,08/17/26 09:02:22.019 PM EDT,$1.00
Over 4.5,MLB-TRUNS-I1-01DTF01MTKNSV9O-GTE-P00045,Settled Early,08/17/26 09:02:43.708 PM EDT,$0.00
Over 1.5,MLB-TRUNS-I8-01DTFK23TKNMC5G-GTE-P00015,Settled Early,08/17/26 09:05:05.789 PM EDT,$0.00
Over 3.5,MLB-TRUNS-I8-01DTFK23TKNMC5G-GTE-P00035,Settled Early,08/17/26 09:05:06.191 PM EDT,$0.00
Over 2.5,MLB-TRUNS-I8-01DTFK23TKNMC5G-GTE-P00025,Settled Early,08/17/26 09:05:06.521 PM EDT,$0.00
Over 4.5,MLB-TRUNS-I8-01DTFK23TKNMC5G-GTE-P00045,Settled Early,08/17/26 09:05:06.847 PM EDT,$0.00
